Comunidad Autónoma,Año,PIB,Poblacion,PIB per capita,Recoleccion-domésticos y vias,Recoleccion-voluminosos,Recoleccion-metálicos,Recoleccion-vidrio,Recoleccion-papel y carton,Recoleccion-plasticos,Recoleccion-madera,Recoleccion-textiles,Recoleccion-eq. electricos,Recoleccion-pilas,Recoleccion-animales,Recoleccion-Envases mixtos,lodos,Recoleccion-construccion,Recoleccion-otros,TOTAL RESIDUOS MEZCLADOS,TOTAL RESIDUOS DE RECOGIDA SEPARADA,TOTAL RESIDUOS,Reciclado procedente de recogida separada,Materiales recuperados-TMB mezclados,Compostado/Digestion anaerobia de FORS,Compostado/Digestión anaerobia,Incinerado,Vertido de rechazos,Vertido sin tratamiento previo,Total,Biological treatment of waste - Anaerobic digestion at biogas facilities,Biological treatment of waste - Composting,Biological treatment of waste - Solid waste disposal on land,Clinical waste incineration,Cremation,Domestic wastewater handling,Hazardous waste incineration,Industrial waste incineration,Industrial wastewater handling,Municipal waste incineration,Open burning of waste,Other waste (please specify in IIR),Other waste incineration (please specify in the IIR),Other wastewater handling,Sewage sludge incineration
ANDALUCÍA,2010,144752225.0,8370975.0,17292.16,4213174.0,155836.0,11203.0,82031.0,136017.0,28898.0,13528.0,659.0,25185.0,305.0,91419.0,133157.0,18992.0,56816.0,7729.0,4369010.0,605939.0,4974949.0,362002.12,146473.125,37339.1875,625062.69,0.0,2308242.88,486450.6875,3965570.69,,,,,,,,,,,,,,,
ANDALUCÍA,2018,160711363.0,8384408.0,19167.88,3755593.0,153300.0,1600.0,108768.0,117131.0,1677.0,12520.0,3269.0,5036.0,108.0,92395.0,94281.0,0.0,81204.0,374.0,3908893.0,518363.0,4427256.0,412818.0,166217.0,45572.0,685734.0,0.0,2404796.0,599650.0,4314787.0,,,,,,,,,,,,,,,
ANDALUCÍA,2016,148405362.0,8388107.0,17692.35,3545590.0,361986.0,4425.0,99622.0,101816.0,727.0,8619.0,3301.0,4264.0,149.0,89603.0,81932.0,0.0,61285.0,32272.0,3907576.0,488015.0,4395591.0,412.82,166.217,45.572,685.73,0.0,2404796.0,59965.0,4314787.0,,,,,,,,,,,,,,,
ANDALUCÍA,2014,137722026.0,8402305.0,16390.98,3437380.0,252293.0,4321.0,82208.0,95866.0,2361.0,10070.0,2981.0,3006.0,132.0,99030.0,76354.0,0.0,104686.0,553.0,3689673.0,481568.0,4171241.0,341319.0,138760.0,36742.0,600308.0,0.0,2339796.0,451871.0,3908796.0,,,,,,,,,,,,,,,
ANDALUCÍA,2011,143389086.0,8424102.0,17021.29,3796057.0,152281.0,8370.0,74820.0,118200.0,13063.0,9155.0,2267.0,3054.0,148.0,105106.0,136141.0,12181.0,141142.0,724.0,3948338.0,624371.0,4572709.0,366138.75,148015.75,37458.625,630013.62,0.0,2301932.25,493366.625,3976925.62,,,,,,,,,,,,,,,
ANDALUCÍA,2012,138007226.0,8449985.0,16332.25,4134974.0,99589.0,7185.0,76114.0,111678.0,10852.0,16997.0,2259.0,3014.0,129.0,94194.0,131749.0,12325.0,102004.0,6351.0,4234563.0,574851.0,4809414.0,357865.5,144930.5,37219.75,620111.75,0.0,2314553.5,479534.75,3954215.75,,,,,,,,,,,,,,,
ANDALUCÍA,2013,136048003.0,8440300.0,16118.86,3825590.0,181998.0,5361.0,79001.0,100864.0,809.0,12611.0,8134.0,2366.0,134.0,96069.0,77415.0,0.0,121090.0,51452.0,4007588.0,555306.0,4562894.0,374412.0,151101.0,37697.5,639915.5,0.0,2289311.0,507198.5,3999635.5,,,,,,,,,,,,,,,
ANDALUCÍA,2017,155371755.0,8379820.0,18541.18,3493910.0,380959.0,4627.0,91570.0,102877.0,1421.0,13969.0,3392.0,4349.0,118.0,92046.0,85646.0,0.0,110367.0,146.0,3874869.0,510528.0,4385397.0,386538.0,135538.0,37991.0,700793.0,0.0,2172227.0,588749.0,4021836.0,,,,,,,,,,,,,,,
ANDALUCÍA,2015,144745569.0,8399043.0,17233.58,3479079.0,255581.0,4324.0,95057.0,100815.0,2363.0,10079.0,2945.0,3657.0,161.0,98345.0,80176.0,0.0,104780.0,554.0,3734660.0,503256.0,4237916.0,407505.0,163442.0,38653.0,679523.0,0.0,2238826.0,562526.0,4090475.0,,,,,,,,,,,,,,,
ARAGÓN,2012,31963049.0,1349467.0,23685.68,459778.0,4391.0,977.0,23905.0,25516.0,1733.0,10755.0,18.0,1321.0,56.0,4503.0,14095.0,59.0,30534.0,64.0,464169.0,113536.0,577705.0,71837.25,14039.25,0.0,66158.0,0.0,165098.75,211552.75,528685.25,,,,,,,,,,,,,,,
ARAGÓN,2013,32082809.0,1347150.0,23815.32,440763.0,10902.0,362.0,19478.0,26566.0,0.0,880.0,68.0,1051.0,10.0,4978.0,13765.0,0.0,29556.0,12.0,451665.0,96726.0,548391.0,73755.5,12950.5,0.0,65445.0,0.0,170154.5,212087.5,534392.5,,,,,,,,,,,,,,,
ARAGÓN,2016,34214691.0,1308563.0,26146.77,454709.0,3907.0,327.0,17778.0,25012.0,43.0,1230.0,11.0,796.0,57.0,7480.0,15838.0,0.0,1852.0,0.0,458616.0,70424.0,529040.0,82.42,10.209,212.0,79.83,0.0,172831.0,226741.0,572245.0,,,,,,,,,,,,,,,
ARAGÓN,2014,32289054.0,1325385.0,24362.02,444074.0,8027.0,348.0,16668.0,22514.0,13.0,682.0,592.0,856.0,4.0,3996.0,14560.0,0.0,32734.0,23.0,452101.0,92990.0,545091.0,69919.0,15128.0,0.0,66871.0,0.0,160043.0,211018.0,522978.0,,,,,,,,,,,,,,,
ARAGÓN,2015,32876311.0,1317847.0,24946.99,449639.0,8087.0,346.0,17676.0,22445.0,13.0,679.0,591.0,1035.0,5.0,16095.0,16343.0,0.0,32571.0,23.0,457726.0,107822.0,565548.0,77592.0,10773.0,0.0,64019.0,0.0,180266.0,213157.0,545807.0,,,,,,,,,,,,,,,
ARAGÓN,2010,33828995.0,1347095.0,25112.55,479442.0,14003.0,1105.0,23203.0,31964.0,5668.0,3374.0,20.0,1209.0,68.0,4952.0,12360.0,0.0,1547.0,23324.0,493445.0,108794.0,602239.0,72316.81,13767.0625,0.0,65979.75,0.0,166362.69,211686.4375,530112.06,,,,,,,,,,,,,,,
ARAGÓN,2018,36850296.0,1308728.0,28157.34,475448.0,24205.0,324.0,18939.0,28910.0,251.0,3276.0,571.0,1226.0,12.0,8503.0,19142.0,0.0,69649.0,2.0,499653.0,150805.0,650458.0,82418.0,10209.0,212000.0,79834.0,0.0,172831.0,226741.0,572245.0,,,,,,,,,,,,,,,
ARAGÓN,2017,35638352.0,1308750.0,27230.83,470023.0,3391.0,220.0,18197.0,26725.0,0.0,4645.0,581.0,1295.0,46.0,1539.0,16236.0,0.0,36838.0,3.0,473414.0,106325.0,579739.0,80778.0,10387.0,107.0,75285.0,0.0,165486.0,225594.0,557637.0,,,,,,,,,,,,,,,
ARAGÓN,2011,33368344.0,1346293.0,24785.35,487574.0,4693.0,1011.0,23203.0,31964.0,1601.0,10016.0,142.0,1382.0,61.0,4515.0,13781.0,34.0,29211.0,65.0,492267.0,116986.0,609253.0,72796.38,13494.875,0.0,65801.5,0.0,167626.62,211820.125,531538.88,,,,,,,,,,,,,,,
CANARIAS,2017,44205400.0,2108121.0,20969.1,1123413.0,22064.0,1334.0,38888.0,31954.0,76.0,1606.0,1045.0,4541.0,209.0,21812.0,20067.0,0.0,28244.0,216.0,1145477.0,149992.0,1295469.0,133053.0,55610.0,1970.0,197289.0,0.0,716994.0,186790.0,1291705.0,,,,,,,,,,,,,,,
CANARIAS,2012,39204779.0,2118344.0,18507.28,1134763.0,27410.0,1012.0,29126.0,33507.0,6497.0,3484.0,401.0,1935.0,55.0,26477.0,15333.0,5798.0,20521.0,3912.0,1162173.0,148058.0,1310231.0,106048.0,22568.0,1830.75,62863.5,0.0,420741.5,594563.5,1208615.25,,,,,,,,,,,,,,,
CANARIAS,2016,42013704.0,2101924.0,19988.21,1073045.0,23555.0,1096.0,35939.0,33094.0,4549.0,774.0,1078.0,5182.0,48.0,19956.0,18950.0,0.0,24239.0,3597.0,1096600.0,148502.0,1245102.0,140.17,58.936,1.248,176.59,0.0,820742.0,113704.0,1311394.0,,,,,,,,,,,,,,,
CANARIAS,2013,39032454.0,2118679.0,18423.01,1052980.0,19188.0,253.0,29363.0,30624.0,1.0,718.0,10.0,819.0,21.0,41310.0,15880.0,0.0,8872.0,4782.0,1072168.0,132653.0,1204821.0,112319.0,27429.0,2019.5,69300.0,0.0,476847.0,527601.0,1215515.5,,,,,,,,,,,,,,,
CANARIAS,2011,40595330.0,2126769.0,19087.79,1151544.0,29880.0,1529.0,29040.0,34043.0,6878.0,4734.0,373.0,1908.0,28.0,78136.0,14770.0,7073.0,24592.0,4367.0,1181424.0,207471.0,1388895.0,109183.5,24998.5,1925.125,66081.75,0.0,448794.25,561082.25,1212065.38,,,,,,,,,,,,,,,
CANARIAS,2010,40811481.0,2118519.0,19264.16,1220612.0,30371.0,1953.0,27221.0,69027.0,7952.0,2601.0,141.0,1826.0,61.0,13089.0,19801.0,8258.0,25407.0,11662.0,1250983.0,188999.0,1439982.0,107615.75,23783.25,1877.9375,64472.62,0.0,434767.88,577822.875,1210340.31,,,,,,,,,,,,,,,
CANARIAS,2015,40566240.0,2100306.0,19314.44,1108156.0,36822.0,515.0,33225.0,31543.0,31.0,675.0,474.0,2779.0,814.0,21541.0,16990.0,0.0,9477.0,1053.0,1144978.0,119117.0,1264095.0,124861.0,37151.0,2397.0,82173.0,0.0,589058.0,393676.0,1229316.0,,,,,,,,,,,,,,,
CANARIAS,2018,45823321.0,2127685.0,21536.7,1128714.0,25440.0,2305.0,41243.0,40485.0,5.0,1649.0,142.0,5969.0,385.0,27922.0,22676.0,0.0,34114.0,138.0,1154154.0,177033.0,1331187.0,140174.0,58936.0,1248.0,176590.0,0.0,820742.0,113704.0,1311394.0,,,,,,,,,,,,,,,
CANARIAS,2014,39266705.0,2104815.0,18655.66,1090966.0,36599.0,520.0,31163.0,30659.0,31.0,681.0,460.0,2308.0,676.0,38799.0,16225.0,0.0,9568.0,1063.0,1127565.0,132153.0,1259718.0,99777.0,17707.0,1642.0,56427.0,0.0,364636.0,661526.0,1201715.0,,,,,,,,,,,,,,,
CANTABRIA,2012,12167280.0,593861.0,20488.43,246177.0,17002.0,444.0,10281.0,12048.0,2146.0,1275.0,230.0,624.0,97.0,3040.0,5082.0,0.0,21657.0,779.0,263179.0,57703.0,320882.0,35180.75,14187.25,0.0,49946.5,119962.75,38229.5,17939.75,275446.5,,,,,,,,,,,,,,,
CANTABRIA,2011,12622706.0,593121.0,21281.84,259307.0,14905.0,454.0,10432.0,13417.0,4530.0,4083.0,231.0,490.0,57.0,7170.0,5052.0,0.0,21573.0,262.0,274212.0,67751.0,341963.0,34773.62,13995.875,0.0,50194.25,119561.12,39203.25,18381.625,276109.75,,,,,,,,,,,,,,,
CANTABRIA,2010,12836685.0,592250.0,21674.44,259965.0,8153.0,1005.0,10547.0,13826.0,2804.0,3883.0,206.0,1214.0,74.0,14755.0,5046.0,0.0,33946.0,860.0,268118.0,88166.0,356284.0,34977.19,14091.5625,0.0,50070.38,119761.94,38716.38,18160.6875,275778.12,,,,,,,,,,,,,,,
CANTABRIA,2013,11864241.0,591888.0,20044.74,236156.0,17504.0,293.0,10386.0,10335.0,0.0,0.0,673.0,431.0,58.0,9301.0,5078.0,0.0,17138.0,589.0,253660.0,54282.0,307942.0,34366.5,13804.5,0.0,50442.0,119159.5,40177.0,18823.5,276773.0,,,,,,,,,,,,,,,
CANTABRIA,2018,13737756.0,580229.0,23676.44,246839.0,23336.0,484.0,11261.0,10381.0,0.0,1813.0,1401.0,913.0,46.0,4400.0,6288.0,0.0,21622.0,84.0,270175.0,58693.0,328868.0,38043.0,14533.0,0.0,31386.0,118759.0,67971.0,21733.0,292425.0,,,,,,,,,,,,,,,
CANTABRIA,2014,12057567.0,588656.0,20483.21,235816.0,19632.0,310.0,10237.0,9878.0,0.0,0.0,779.0,501.0,61.0,1418.0,5097.0,0.0,18740.0,90.0,255448.0,47111.0,302559.0,35995.0,14570.0,0.0,49451.0,120766.0,36282.0,17056.0,274120.0,,,,,,,,,,,,,,,
CANTABRIA,2015,12325933.0,585179.0,21063.53,240609.0,19841.0,307.0,10999.0,9640.0,0.0,0.0,782.0,603.0,73.0,4034.0,5277.0,0.0,18562.0,89.0,260450.0,50366.0,310816.0,32738.0,13039.0,0.0,51433.0,117553.0,44072.0,20591.0,279426.0,,,,,,,,,,,,,,,
CANTABRIA,2016,12736089.0,582206.0,21875.57,241085.0,23004.0,421.0,11212.0,5050.0,0.0,1536.0,1207.0,738.0,45.0,3079.0,5495.0,0.0,20053.0,2.0,264089.0,48838.0,312927.0,38.04,14.533,0.0,31.39,118.76,67971.0,21733.0,292425.0,,,,,,,,,,,,,,,
CANTABRIA,2017,13226038.0,580295.0,22791.92,240509.0,21135.0,418.0,10980.0,4053.0,0.0,1958.0,1312.0,843.0,41.0,3035.0,5748.0,0.0,20774.0,71.0,261644.0,49233.0,310877.0,30843.0,12499.0,0.0,54241.0,118263.0,43530.0,18114.0,277491.0,,,,,,,,,,,,,,,
CASTILLA - LA MANCHA,2015,37113609.0,2059191.0,18023.39,822222.0,40640.0,354.0,20630.0,24356.0,307.0,1387.0,813.0,3757.0,264.0,0.0,18582.0,0.0,4709.0,738.0,862862.0,75897.0,938759.0,95415.0,37974.0,0.0,177125.0,0.0,428841.0,161803.0,901158.0,,,,,,,,,,,,,,,
CASTILLA - LA MANCHA,2014,35353236.0,2078611.0,17008.11,770997.0,38474.0,358.0,20690.0,26218.0,309.0,1400.0,809.0,3121.0,219.0,0.0,17502.0,0.0,4754.0,745.0,809471.0,76125.0,885596.0,84847.0,29143.0,0.0,175318.0,0.0,399668.0,176256.0,865233.0,,,,,,,,,,,,,,,
CASTILLA - LA MANCHA,2010,38706827.0,2098373.0,18446.11,968613.0,31588.0,11221.0,20887.0,36202.0,8860.0,1113.0,224.0,1332.0,234.0,0.0,17258.0,83.0,31723.0,1525.0,1000201.0,130662.0,1130863.0,88149.5,31902.6875,0.0,175882.69,0.0,408784.56,171739.4375,876459.56,,,,,,,,,,,,,,,
CASTILLA - LA MANCHA,2017,39891219.0,2031479.0,19636.54,802570.0,29996.0,399.0,21371.0,31374.0,11519.0,6475.0,1732.0,4856.0,51.0,3131.0,19696.0,0.0,4874.0,26.0,832566.0,105504.0,938070.0,104393.0,39527.0,0.0,221085.0,0.0,466050.0,88614.0,919669.0,,,,,,,,,,,,,,,
CASTILLA - LA MANCHA,2013,36153041.0,2100998.0,17207.56,777284.0,29375.0,317.0,21040.0,26351.0,0.0,6615.0,926.0,2957.0,2760.0,432.0,17679.0,0.0,4121.0,13877.0,806659.0,97075.0,903734.0,90131.0,33558.5,0.0,176221.5,0.0,414254.5,169029.5,883195.5,,,,,,,,,,,,,,,
CASTILLA - LA MANCHA,2011,38258606.0,2115334.0,18086.32,1010610.0,11306.0,2787.0,21268.0,30697.0,9971.0,4217.0,142.0,1496.0,140.0,0.0,17802.0,145.0,7298.0,1103.0,1021916.0,97066.0,1118982.0,88810.0,32454.625,0.0,175995.62,0.0,410607.88,170836.125,878704.88,,,,,,,,,,,,,,,
CASTILLA - LA MANCHA,2012,36890198.0,2121888.0,17385.55,826883.0,13005.0,385.0,21061.0,28472.0,4911.0,783.0,634.0,1664.0,51.0,0.0,17595.0,7.0,4835.0,73.0,839888.0,80471.0,920359.0,87489.0,31350.75,0.0,175769.75,0.0,406961.25,172642.75,874214.25,,,,,,,,,,,,,,,
CASTILLA - LA MANCHA,2018,41521223.0,2026807.0,20486.03,849572.0,9959.0,531.0,21350.0,28067.0,12199.0,5579.0,2972.0,2604.0,86.0,3967.0,22352.0,0.0,8013.0,27.0,859531.0,107747.0,967278.0,92194.0,34122.0,0.0,245494.0,0.0,523249.0,62220.0,957279.0,,,,,,,,,,,,,,,
CASTILLA - LA MANCHA,2016,38315029.0,2041631.0,18766.87,794580.0,86875.0,290.0,20555.0,26665.0,9947.0,4535.0,1901.0,1887.0,87.0,1331.0,18780.0,0.0,3439.0,28.0,881455.0,89445.0,970900.0,92.19,34.122,0.0,245.49,0.0,523249.0,6222.0,957279.0,,,,,,,,,,,,,,,
CASTILLA Y LEÓN,2014,51539425.0,2494790.0,20658.82,916318.0,13139.0,1005.0,40857.0,43432.0,325.0,1629.0,504.0,7910.0,182.0,6197.0,20882.0,0.0,11102.0,1991.0,929457.0,136016.0,1065473.0,141076.0,34830.0,0.0,210626.0,0.0,684694.0,3020.0,1074246.0,,,,,,,,,,,,,,,
CASTILLA Y LEÓN,2013,51504174.0,2519875.0,20439.18,838782.0,14062.0,314.0,40280.0,45036.0,175.0,891.0,466.0,918.0,218.0,6993.0,18008.0,0.0,7912.0,44822.0,852844.0,166033.0,1018877.0,148177.0,34199.0,0.0,206420.5,0.0,685849.0,2140.0,1076785.5,,,,,,,,,,,,,,,
CASTILLA Y LEÓN,2015,53238351.0,2472052.0,21536.1,918192.0,13041.0,996.0,40826.0,43442.0,322.0,1613.0,530.0,9521.0,219.0,4808.0,21066.0,0.0,10996.0,1972.0,931233.0,136311.0,1067544.0,155278.0,33568.0,0.0,202215.0,0.0,687004.0,1260.0,1079325.0,,,,,,,,,,,,,,,
CASTILLA Y LEÓN,2016,54767172.0,2447519.0,22376.61,906336.0,11829.0,926.0,44175.0,44676.0,858.0,1263.0,1371.0,7065.0,342.0,5235.0,22562.0,0.0,18309.0,1.0,918165.0,146783.0,1064948.0,151.64,32.816,233.0,180.47,0.0,712931.0,9519.0,1087606.0,,,,,,,,,,,,,,,
CASTILLA Y LEÓN,2012,52868471.0,2546078.0,20764.67,923318.0,12644.0,372.0,40774.0,49338.0,8357.0,764.0,34.0,1565.0,151.0,6701.0,20915.0,5314.0,64644.0,282.0,935962.0,199211.0,1135173.0,144626.5,34514.5,0.0,208523.25,0.0,685271.5,2580.0,1075515.75,,,,,,,,,,,,,,,
CASTILLA Y LEÓN,2010,54970431.0,2559515.0,21476.89,887984.0,33977.0,1108.0,42714.0,56725.0,7868.0,2052.0,56.0,4161.0,344.0,8652.0,19894.0,6098.0,108792.0,1789.0,921961.0,260253.0,1182214.0,145514.12,34435.625,0.0,207997.56,0.0,685415.88,2470.0,1075833.19,,,,,,,,,,,,,,,
CASTILLA Y LEÓN,2018,58477225.0,2409164.0,24272.83,915396.0,17151.0,816.0,49557.0,43700.0,940.0,2941.0,2547.0,4897.0,234.0,6472.0,26313.0,0.0,14229.0,371.0,932547.0,153017.0,1085564.0,151641.0,32816.0,233000.0,180466.0,0.0,712931.0,9519.0,1087606.0,,,,,,,,,,,,,,,
CASTILLA Y LEÓN,2011,54575008.0,2558463.0,21331.17,973608.0,23539.0,1378.0,41676.0,55753.0,7349.0,297.0,78.0,1334.0,173.0,4296.0,20985.0,4757.0,113127.0,587.0,997147.0,251790.0,1248937.0,146401.75,34356.75,0.0,207471.88,0.0,685560.25,2360.0,1076150.62,,,,,,,,,,,,,,,
CASTILLA Y LEÓN,2017,56051831.0,2425801.0,23106.52,898486.0,28717.0,596.0,48353.0,45179.0,447.0,3014.0,1573.0,2854.0,178.0,4204.0,23634.0,0.0,17755.0,455.0,927203.0,148242.0,1075445.0,160944.0,34861.0,0.0,194212.0,0.0,686829.0,72.0,1076917.0,,,,,,,,,,,,,,,
CATALUÑA,2013,192006545.0,7553650.0,25419.04,2495715.0,86516.0,4423.0,154732.0,262428.0,1975.0,14566.0,2746.0,8254.0,367.0,428508.0,124407.0,0.0,45725.0,3109.0,2582231.0,1051240.0,3633471.0,753545.0,122342.0,351065.0,428507.0,673419.0,587483.5,686836.5,3603197.5,,,,,,,,,,,,,,,
CATALUÑA,2011,198906023.0,7539618.0,26381.45,2570746.0,55438.0,3363.0,180729.0,408518.0,19847.0,30885.0,967.0,2801.0,137.0,462395.0,127713.0,6012.0,56681.0,623.0,2626184.0,1300671.0,3926855.0,739164.0,117545.5,354185.25,398131.5,682148.25,608053.88,714302.625,3613530.62,,,,,,,,,,,,,,,
CATALUÑA,2018,229345722.0,7600065.0,30176.81,2216496.0,117245.0,7293.0,168197.0,224596.0,2086.0,20624.0,8361.0,5659.0,374.0,472450.0,158751.0,0.0,68847.0,215.0,2333741.0,1137453.0,3471194.0,678878.0,206755.0,302759.0,541664.0,640652.0,653551.0,417697.0,3441955.0,,,,,,,,,,,,,,,
CATALUÑA,2014,195370105.0,7518903.0,25983.86,2402829.0,100042.0,4932.0,162447.0,271427.0,2993.0,35547.0,2676.0,5284.0,712.0,421902.0,120590.0,0.0,88563.0,19852.0,2502871.0,1136925.0,3639796.0,696021.0,103156.0,363546.0,307005.0,708336.0,669765.0,796701.0,3644530.0,,,,,,,,,,,,,,,
CATALUÑA,2015,204355232.0,7508106.0,27217.95,2283180.0,94157.0,4885.0,158878.0,298134.0,2964.0,35209.0,2693.0,6361.0,857.0,430929.0,129526.0,0.0,87722.0,19663.0,2377337.0,1177821.0,3555158.0,811069.0,141528.0,338584.0,550009.0,638502.0,505202.0,576972.0,3561865.0,,,,,,,,,,,,,,,
CATALUÑA,2017,221476488.0,7555830.0,29312.0,2350780.0,105836.0,7023.0,182760.0,296067.0,2175.0,71541.0,6822.0,6729.0,393.0,465230.0,141409.0,0.0,102248.0,355.0,2456616.0,1282752.0,3739368.0,877728.0,138251.0,336438.0,667771.0,668133.0,534832.0,486352.0,3709505.0,,,,,,,,,,,,,,,
CATALUÑA,2010,201705890.0,7512381.0,26849.8,2441711.0,77627.0,13187.0,186378.0,453952.0,30305.0,114476.0,314.0,3873.0,159.0,480290.0,124162.0,5807.0,43799.0,22793.0,2519338.0,1479495.0,3998833.0,731973.5,115147.25,355745.375,382943.75,686512.88,618339.06,728035.6875,3618697.19,,,,,,,,,,,,,,,
CATALUÑA,2012,193449278.0,7570908.0,25551.66,2334367.0,83700.0,6420.0,169191.0,318118.0,37467.0,44513.0,1896.0,4387.0,335.0,413249.0,129674.0,726.0,76102.0,10537.0,2418067.0,1212615.0,3630682.0,724783.0,112749.0,357305.5,367756.0,690877.5,628624.25,741768.75,3623863.75,,,,,,,,,,,,,,,
CATALUÑA,2016,212703912.0,7522596.0,28275.33,2276881.0,163348.0,4091.0,170831.0,273028.0,910.0,20015.0,2771.0,4581.0,257.0,449152.0,130925.0,0.0,42330.0,158.0,2440229.0,1099049.0,3539278.0,678.88,206.755,302.759,541.66,640.65,653551.0,417697.0,3441955.0,,,,,,,,,,,,,,,
CEUTA,2016,1636511.0,84519.0,19362.64,,,,,,,,,,,,,,,,,,,5.78,1.559,0.0,29.0,0.0,34255.0,0.0,41628.0,,,,,,,,,,,,,,,
CEUTA,2017,1659859.0,84959.0,19537.18,,,,,,,,,,,,,,,,,,,5658.0,0.0,0.0,0.0,0.0,0.0,0.0,5658.0,,,,,,,,,,,,,,,
CEUTA,2012,1525243.0,84018.0,18153.76,,,,,,,,,,,,,,,,,,,3251.25,0.0,0.0,0.0,0.0,0.0,0.0,3251.25,,,,,,,,,,,,,,,
CEUTA,2018,1720295.0,85144.0,20204.54,,,,,,,,,,,,,,,,,,,5785.0,1559.0,0.0,29000.0,0.0,34255.0,0.0,41628.0,,,,,,,,,,,,,,,
CEUTA,2014,1543087.0,84963.0,18161.87,,,,,,,,,,,,,,,,,,,3245.0,0.0,0.0,0.0,0.0,0.0,0.0,3245.0,,,,,,,,,,,,,,,
CEUTA,2010,1578805.0,80579.0,19593.26,,,,,,,,,,,,,,,,,,,3252.81,0.0,0.0,0.0,0.0,0.0,0.0,3252.81,,,,,,,,,,,,,,,
CEUTA,2015,1597390.0,84263.0,18957.19,,,,,,,,,,,,,,,,,,,3270.0,0.0,0.0,0.0,0.0,0.0,0.0,3270.0,,,,,,,,,,,,,,,
CEUTA,2011,1575312.0,82376.0,19123.43,,,,,,,,,,,,,,,,,,,3254.38,0.0,0.0,0.0,0.0,0.0,0.0,3254.38,,,,,,,,,,,,,,,
CEUTA,2013,1551851.0,84180.0,18434.91,,,,,,,,,,,,,,,,,,,3257.5,0.0,0.0,0.0,0.0,0.0,0.0,3257.5,,,,,,,,,,,,,,,
COMUNIDAD DE MADRID,2018,231133592.0,6578079.0,35136.94,1996857.0,27001.0,769.0,104923.0,121390.0,465.0,12049.0,1353.0,4070.0,104.0,95845.0,160183.0,0.0,17914.0,108.0,2023858.0,519173.0,2543031.0,396446.0,40744.0,17554.0,64301.0,480769.0,507402.0,1075348.0,2582564.0,,,,,,,,,,,,,,,
COMUNIDAD DE MADRID,2010,197145571.0,6458684.0,30524.11,2108673.0,66879.0,4273.0,82497.0,160181.0,38083.0,5555.0,317.0,10253.0,293.0,52720.0,141179.0,0.0,16930.0,17379.0,2175552.0,529660.0,2705212.0,315494.56,45077.0,16018.25,37761.88,380566.62,597170.81,1022697.3125,2414786.44,,,,,,,,,,,,,,,
COMUNIDAD DE MADRID,2013,192620202.0,6495551.0,29654.17,1897284.0,51035.0,3515.0,78640.0,94388.0,3143.0,10453.0,433.0,1415.0,153.0,62314.0,121537.0,0.0,14498.0,509.0,1948319.0,390998.0,2339317.0,319314.5,44861.0,17690.0,34376.0,398939.0,582016.5,1036101.5,2433298.5,,,,,,,,,,,,,,,
COMUNIDAD DE MADRID,2017,222027547.0,6507184.0,34120.37,2159053.0,44938.0,663.0,89184.0,99641.0,2879.0,12263.0,1260.0,2512.0,147.0,54526.0,140324.0,0.0,15965.0,160.0,2203991.0,419524.0,2623515.0,358196.0,42946.0,17995.0,28537.0,655762.0,492036.0,1063770.0,2659241.0,,,,,,,,,,,,,,,
COMUNIDAD DE MADRID,2011,198465261.0,6489680.0,30581.67,2062422.0,30682.0,10870.0,82662.0,136194.0,10171.0,9364.0,291.0,2157.0,287.0,51192.0,138062.0,509.0,37222.0,832.0,2093104.0,479813.0,2572917.0,316767.88,45005.0,16575.5,36633.25,386690.75,592119.38,1027165.375,2420957.12,,,,,,,,,,,,,,,
COMUNIDAD DE MADRID,2014,194960214.0,6454440.0,30205.6,1977666.0,51997.0,1571.0,78005.0,89463.0,376.0,5647.0,651.0,8311.0,137.0,51197.0,122723.0,0.0,17240.0,0.0,2029663.0,375321.0,2404984.0,309128.0,45437.0,13232.0,43405.0,349946.0,622428.0,1000357.0,2383933.0,,,,,,,,,,,,,,,
COMUNIDAD DE MADRID,2012,195026853.0,6498560.0,30010.78,1947739.0,51972.0,11088.0,80620.0,114410.0,3630.0,8805.0,871.0,1951.0,320.0,49629.0,131049.0,0.0,13448.0,865.0,1999711.0,416686.0,2416397.0,314221.25,45149.0,15461.0,38890.5,374442.5,602222.25,1018229.25,2408615.75,,,,,,,,,,,,,,,
COMUNIDAD DE MADRID,2016,211672686.0,6466996.0,32731.22,2017961.0,59683.0,522.0,81820.0,88078.0,480.0,7487.0,1129.0,2229.0,148.0,59119.0,128170.0,0.0,25022.0,108.0,2077644.0,394312.0,2471956.0,396.45,40.744,17.554,64.3,480.77,507402.0,1075348.0,2582564.0,,,,,,,,,,,,,,,
COMUNIDAD DE MADRID,2015,204244524.0,6436996.0,31729.79,1929269.0,50243.0,1556.0,78430.0,86451.0,372.0,5594.0,608.0,10004.0,164.0,25557.0,123505.0,0.0,17076.0,0.0,1979512.0,349317.0,2328829.0,329501.0,44285.0,22148.0,25347.0,447932.0,541605.0,1071846.0,2482664.0,,,,,,,,,,,,,,,
COMUNIDAD FORAL DE NAVARRA,2018,20047454.0,647554.0,30958.74,153346.0,20058.0,143.0,16777.0,27931.0,114.0,5051.0,3956.0,4696.0,128.0,38706.0,22389.0,0.0,674.0,60.0,173404.0,120625.0,294029.0,71919.0,1061.0,31904.0,25992.0,0.0,56713.0,87536.0,275126.0,,,,,,,,,,,,,,,
COMUNIDAD FORAL DE NAVARRA,2016,18747249.0,640647.0,29262.99,153238.0,12147.0,194.0,15959.0,26684.0,641.0,4135.0,2671.0,3936.0,120.0,49360.0,20542.0,0.0,28.0,0.0,165385.0,124270.0,289655.0,71.92,1.061,31.904,25.99,0.0,56.71,87.536,275.13,,,,,,,,,,,,,,,
COMUNIDAD FORAL DE NAVARRA,2015,18145704.0,640476.0,28331.59,158723.0,2865.0,57.0,15871.0,26057.0,1589.0,3413.0,1235.0,1360.0,58.0,43156.0,20101.0,0.0,3.0,21780.0,161588.0,134680.0,296268.0,70574.0,1025.0,44181.0,30608.0,0.0,51966.0,86761.0,285115.0,,,,,,,,,,,,,,,
COMUNIDAD FORAL DE NAVARRA,2013,17237767.0,644477.0,26746.91,170106.0,9686.0,1466.0,15521.0,24427.0,1551.0,5860.0,2121.0,2118.0,233.0,21375.0,18471.0,0.0,3.0,5564.0,179792.0,98710.0,278502.0,68961.0,888.0,30585.0,31559.5,0.0,49169.0,91729.5,272892.0,,,,,,,,,,,,,,,
COMUNIDAD FORAL DE NAVARRA,2017,19528873.0,643234.0,30360.45,156189.0,16568.0,75.0,16179.0,26211.0,648.0,4844.0,3231.0,4384.0,121.0,34191.0,21217.0,0.0,0.0,12.0,172757.0,111113.0,283870.0,69583.0,989.0,30865.0,33554.0,0.0,48947.0,88492.0,272430.0,,,,,,,,,,,,,,,
COMUNIDAD FORAL DE NAVARRA,2011,17942160.0,642051.0,27945.07,180874.0,8984.0,6425.0,16190.0,25905.0,1043.0,12380.0,841.0,2629.0,62.0,25607.0,22398.0,698.0,7837.0,32.0,189858.0,122047.0,311905.0,68557.75,853.75,27186.0,31797.38,0.0,48469.75,92971.625,269836.25,,,,,,,,,,,,,,,
COMUNIDAD FORAL DE NAVARRA,2012,17282206.0,644566.0,26812.16,174865.0,9262.0,1331.0,15684.0,24427.0,8484.0,5532.0,1258.0,2273.0,73.0,20858.0,17886.0,508.0,7296.0,40.0,184127.0,105650.0,289777.0,68154.5,819.5,23787.0,32035.25,0.0,47770.5,94213.75,266780.5,,,,,,,,,,,,,,,
COMUNIDAD FORAL DE NAVARRA,2010,17973969.0,636924.0,28219.96,185635.0,10709.0,1894.0,16168.0,30090.0,2512.0,4831.0,858.0,3626.0,118.0,27200.0,20135.0,2245.0,462.0,10661.0,196344.0,120800.0,317144.0,68356.12,836.625,25486.5,31916.31,0.0,48120.12,93592.6875,268308.38,,,,,,,,,,,,,,,
COMUNIDAD FORAL DE NAVARRA,2014,17505255.0,640790.0,27318.24,161882.0,2950.0,57.0,16697.0,22981.0,1604.0,3446.0,1199.0,1130.0,48.0,22506.0,20298.0,0.0,3.0,21989.0,164832.0,111958.0,276790.0,67348.0,751.0,16989.0,32511.0,0.0,46372.0,96698.0,260669.0,,,,,,,,,,,,,,,
COMUNITAT VALENCIANA,2018,111793978.0,4963703.0,22522.29,2050369.0,100906.0,2052.0,85018.0,70106.0,1761.0,17433.0,7237.0,3212.0,123.0,74512.0,52925.0,0.0,78893.0,327.0,2151275.0,393599.0,2544874.0,279764.0,128774.0,0.0,822011.0,0.0,1200792.0,0.0,2431341.0,,,,,,,,,,,,,,,
COMUNITAT VALENCIANA,2015,100110751.0,4980689.0,20099.78,1865704.0,44483.0,2119.0,80869.0,54032.0,1889.0,2810.0,4556.0,4396.0,83.0,39696.0,42150.0,0.0,38457.0,6135.0,1910187.0,277192.0,2187379.0,277859.0,106560.0,0.0,558239.0,9916.0,1238984.0,0.0,2191558.0,,,,,,,,,,,,,,,
COMUNITAT VALENCIANA,2017,107785815.0,4941509.0,21812.33,2014008.0,70823.0,1341.0,82770.0,60081.0,481.0,17071.0,4999.0,2331.0,98.0,64083.0,44216.0,0.0,72359.0,88.0,2084831.0,349918.0,2434749.0,273613.0,117653.0,0.0,845290.0,2795.0,1137355.0,0.0,2376705.0,,,,,,,,,,,,,,,
COMUNITAT VALENCIANA,2016,103228580.0,4959968.0,20812.35,1855269.0,82055.0,763.0,82254.0,62387.0,639.0,5201.0,4988.0,1617.0,77.0,35000.0,43424.0,0.0,36085.0,14.0,1937324.0,272449.0,2209773.0,279.76,128.774,0.0,822.01,0.0,1200792.0,0.0,2431341.0,,,,,,,,,,,,,,,
COMUNITAT VALENCIANA,2014,96320641.0,5004844.0,19245.48,1843503.0,44376.0,2139.0,79025.0,57928.0,1907.0,2837.0,4421.0,3652.0,69.0,41173.0,40546.0,0.0,38826.0,6194.0,1887879.0,278717.0,2166596.0,252584.0,112072.0,0.0,676626.0,0.0,1114264.0,616.0,2156162.0,,,,,,,,,,,,,,,
COMUNITAT VALENCIANA,2012,95177430.0,5129266.0,18555.76,1811419.0,45969.0,1533.0,79540.0,60294.0,6270.0,6967.0,1164.0,1881.0,78.0,70675.0,40158.0,0.0,21457.0,1557.0,1857388.0,291574.0,2148962.0,258902.75,110694.0,0.0,647029.25,2479.0,1145444.0,462.0,2165011.0,,,,,,,,,,,,,,,
COMUNITAT VALENCIANA,2011,99706759.0,5117190.0,19484.67,1805042.0,91753.0,842.0,74444.0,66658.0,16978.0,5800.0,146.0,328.0,59.0,70792.0,41815.0,1852.0,44919.0,365.0,1896795.0,324998.0,2221793.0,262062.12,110005.0,0.0,632230.88,3718.5,1161034.0,385.0,2169435.5,,,,,,,,,,,,,,,
COMUNITAT VALENCIANA,2010,101201463.0,5111706.0,19797.98,1869060.0,59550.0,3290.0,77146.0,75158.0,26006.0,9244.0,291.0,1192.0,652.0,88836.0,41120.0,949.0,47837.0,4484.0,1928610.0,376205.0,2304815.0,260482.44,110349.5,0.0,639630.06,3098.75,1153239.0,423.5,2167223.25,,,,,,,,,,,,,,,
COMUNITAT VALENCIANA,2013,94309154.0,5113815.0,18442.03,1798999.0,28634.0,1663.0,80869.0,54032.0,1687.0,11331.0,963.0,1214.0,2564.0,52175.0,39796.0,0.0,65539.0,2142.0,1827633.0,313975.0,2141608.0,265221.5,109316.0,0.0,617432.5,4958.0,1176624.0,308.0,2173860.0,,,,,,,,,,,,,,,
EXTREMADURA,2014,17024183.0,1099632.0,15481.71,404418.0,4236.0,2585.0,7156.0,39097.0,13.0,0.0,124.0,178.0,17.0,0.0,10604.0,0.0,26178.0,425.0,408654.0,86377.0,495031.0,72289.0,15206.0,0.0,104392.0,0.0,269702.0,22287.0,483876.0,,,,,,,,,,,,,,,
EXTREMADURA,2013,17057479.0,1104004.0,15450.56,391583.0,3695.0,39.0,8676.0,34437.0,2.0,151.0,155.0,182.0,13.0,0.0,10418.0,0.0,274.0,23.0,395278.0,54370.0,449648.0,72934.0,15117.5,0.0,107601.5,0.0,275248.0,11143.5,482044.5,,,,,,,,,,,,,,,
EXTREMADURA,2012,17065094.0,1108130.0,15399.9,428571.0,5628.0,96.0,7439.0,32580.0,1074.0,144.0,57.0,216.0,32.0,0.0,9985.0,0.0,1444.0,29.0,434199.0,53096.0,487295.0,72611.5,15161.75,0.0,105996.75,0.0,272475.0,16715.25,482960.25,,,,,,,,,,,,,,,
EXTREMADURA,2016,18504343.0,1087778.0,17011.14,398673.0,17444.0,3836.0,9559.0,34629.0,4.0,231.0,93.0,259.0,12.0,0.0,11320.0,0.0,10006.0,0.0,416117.0,69949.0,486066.0,70.39,14.238,0.0,145.85,0.0,250727.0,22502.0,503704.0,,,,,,,,,,,,,,,
EXTREMADURA,2010,18135329.0,1107220.0,16379.16,491529.0,16706.0,1220.0,8570.0,32753.0,4416.0,0.0,3.0,271.0,42.0,0.0,10320.0,0.0,0.0,6.0,508235.0,57601.0,565836.0,72692.12,15150.6875,0.0,106397.94,0.0,273168.25,15322.3125,482731.31,,,,,,,,,,,,,,,
EXTREMADURA,2018,20088238.0,1072863.0,18723.95,425445.0,23809.0,123.0,8231.0,36522.0,0.0,304.0,368.0,263.0,10.0,0.0,13102.0,0.0,633.0,6.0,449254.0,59562.0,508816.0,70385.0,14238.0,0.0,145852.0,0.0,250727.0,22502.0,503704.0,,,,,,,,,,,,,,,
EXTREMADURA,2017,19534814.0,1079920.0,18089.13,425308.0,13280.0,199.0,7943.0,31576.0,0.0,221.0,66.0,116.0,9.0,0.0,11776.0,0.0,9972.0,4.0,438588.0,61882.0,500470.0,66513.0,14800.0,0.0,121845.0,0.0,258471.0,38385.0,500013.0,,,,,,,,,,,,,,,
EXTREMADURA,2011,17738058.0,1109367.0,15989.35,450878.0,6465.0,157.0,7501.0,16286.0,646.0,2033.0,81.0,267.0,35.0,0.0,10129.0,0.0,3527.0,17.0,457343.0,40679.0,498022.0,72772.75,15139.625,0.0,106799.12,0.0,273861.5,13929.375,482502.38,,,,,,,,,,,,,,,
EXTREMADURA,2015,17902594.0,1092997.0,16379.36,405565.0,4207.0,2561.0,8003.0,40151.0,13.0,0.0,115.0,214.0,21.0,0.0,10798.0,0.0,25929.0,421.0,409772.0,88226.0,497998.0,73579.0,15029.0,0.0,110811.0,0.0,280794.0,0.0,480213.0,,,,,,,,,,,,,,,
GALICIA,2013,53925394.0,2765940.0,19496.23,906675.0,8990.0,1099.0,38058.0,31619.0,10384.0,5235.0,150.0,3358.0,297.0,43208.0,21853.0,0.0,9369.0,2504.0,915665.0,167134.0,1082799.0,124728.5,28179.0,8466.5,56316.0,539614.5,152874.5,204089.0,1114267.5,,,,,,,,,,,,,,,
GALICIA,2010,56767263.0,2797653.0,20291.03,1002349.0,23130.0,884.0,39096.0,46567.0,7219.0,6561.0,415.0,784.0,90.0,55537.0,22144.0,21.0,6731.0,6305.0,1025479.0,192354.0,1217833.0,122294.19,28052.625,8602.8125,56814.38,542283.56,153194.56,198584.75,1109826.56,,,,,,,,,,,,,,,
GALICIA,2015,56666599.0,2732347.0,20739.17,925608.0,14872.0,2751.0,39743.0,32591.0,26702.0,11267.0,227.0,8726.0,79.0,45501.0,22123.0,0.0,12499.0,336.0,940480.0,202545.0,1143025.0,131220.0,28516.0,8103.0,54987.0,532497.0,152021.0,218767.0,1126110.0,,,,,,,,,,,,,,,
GALICIA,2018,62436133.0,2701743.0,23109.58,940395.0,13508.0,1250.0,45757.0,37457.0,813.0,7195.0,396.0,7460.0,38.0,52319.0,25930.0,0.0,5652.0,75.0,953903.0,184342.0,1138245.0,133513.0,30020.0,7482.0,54458.0,533699.0,175722.0,209868.0,1144762.0,,,,,,,,,,,,,,,
GALICIA,2014,54190333.0,2748695.0,19714.93,923724.0,14984.0,2778.0,39045.0,31674.0,26958.0,11375.0,205.0,7249.0,66.0,45929.0,22255.0,0.0,12619.0,339.0,938708.0,200492.0,1139200.0,118237.0,27842.0,8830.0,57645.0,546732.0,153728.0,189411.0,1102425.0,,,,,,,,,,,,,,,
GALICIA,2012,53971849.0,2781498.0,19403.88,930930.0,9232.0,790.0,36465.0,34556.0,4281.0,4289.0,461.0,3236.0,86.0,51994.0,21437.0,28.0,8448.0,1373.0,940162.0,167444.0,1107606.0,121482.75,28010.5,8648.25,56980.5,543173.25,153301.25,196750.0,1108346.25,,,,,,,,,,,,,,,
GALICIA,2016,58279948.0,2718525.0,21438.08,933618.0,12217.0,663.0,41253.0,34402.0,1100.0,2150.0,114.0,5089.0,324.0,45756.0,22893.0,0.0,6996.0,4029.0,945835.0,164769.0,1110604.0,133.51,30.02,7.482,54.46,533.7,175722.0,209868.0,1144762.0,,,,,,,,,,,,,,,
GALICIA,2011,55767991.0,2795422.0,19949.76,983351.0,21650.0,537.0,36359.0,38163.0,2152.0,4956.0,300.0,6351.0,73.0,52015.0,22186.0,41.0,10122.0,271.0,1005001.0,173526.0,1178527.0,123105.62,28094.75,8557.375,56648.25,541393.88,153087.88,200419.5,1111306.88,,,,,,,,,,,,,,,
GALICIA,2017,60394810.0,2708339.0,22299.58,938191.0,12507.0,652.0,43307.0,33262.0,1324.0,4590.0,81.0,6736.0,72.0,47276.0,23194.0,0.0,7754.0,53.0,950698.0,168301.0,1118999.0,130046.0,23518.0,8246.0,54873.0,549447.0,151123.0,216457.0,1133711.0,,,,,,,,,,,,,,,
ILLES BALEARS ,2016,29831313.0,1107220.0,26942.53,690919.0,7845.0,569.0,36051.0,43425.0,21.0,307.0,2493.0,1244.0,0.0,36739.0,20774.0,0.0,4901.0,840.0,698764.0,147364.0,846128.0,153.15,1.938,36.774,16.69,505.89,37932.0,143927.0,896296.0,,,,,,,,,,,,,,,
ILLES BALEARS ,2018,32767619.0,1128908.0,29025.94,672375.0,65140.0,7982.0,40752.0,54341.0,407.0,2752.0,742.0,5105.0,19.0,54262.0,35189.0,0.0,19402.0,19.0,737515.0,220972.0,958487.0,153149.0,1938.0,36774.0,16690.0,505886.0,37932.0,143927.0,896296.0,,,,,,,,,,,,,,,
ILLES BALEARS ,2013,25931407.0,1111674.0,23326.45,580790.0,26407.0,137.0,29324.0,38238.0,0.0,63.0,42.0,253.0,10.0,39566.0,13960.0,0.0,80620.0,34.0,607197.0,202247.0,809444.0,115697.0,228.5,24979.0,24942.0,494795.5,20998.5,120540.5,802181.0,,,,,,,,,,,,,,,
ILLES BALEARS ,2011,26398144.0,1113114.0,23715.58,728073.0,11405.0,500.0,22298.0,25162.0,1935.0,2387.0,39.0,124.0,1.0,31026.0,23696.0,0.0,2432.0,18.0,739478.0,109618.0,849096.0,113166.25,220.875,24838.25,23346.5,484595.62,22351.12,117721.125,786239.75,,,,,,,,,,,,,,,
ILLES BALEARS ,2012,25979358.0,1119439.0,23207.48,656391.0,3408.0,153.0,29039.0,38865.0,4038.0,2596.0,53.0,831.0,2.0,22447.0,23867.0,0.0,1968.0,32.0,659799.0,123891.0,783690.0,110635.5,213.25,24697.5,21751.0,474395.75,23703.75,114901.75,770298.5,,,,,,,,,,,,,,,
ILLES BALEARS ,2010,26535097.0,1106049.0,23990.89,686634.0,10298.0,270.0,21097.0,24606.0,2245.0,129.0,25.0,501.0,59.0,36670.0,14427.0,1572.0,511.0,7298.0,696932.0,109410.0,806342.0,111900.88,217.0625,24767.875,22548.75,479495.69,23027.44,116311.4375,778269.12,,,,,,,,,,,,,,,
ILLES BALEARS ,2014,26769837.0,1103442.0,24260.3,592710.0,20977.0,261.0,31628.0,39564.0,362.0,142.0,191.0,1173.0,11.0,30772.0,14643.0,0.0,11155.0,528.0,613687.0,130430.0,744117.0,105574.0,198.0,24416.0,18560.0,453996.0,26409.0,109263.0,738416.0,,,,,,,,,,,,,,,
ILLES BALEARS ,2015,28245574.0,1104479.0,25573.66,740768.0,25968.0,259.0,31759.0,40223.0,359.0,140.0,198.0,1412.0,14.0,32961.0,18842.0,0.0,11049.0,523.0,766736.0,137739.0,904475.0,125820.0,259.0,25542.0,31324.0,535595.0,15588.0,131818.0,865946.0,,,,,,,,,,,,,,,
ILLES BALEARS ,2017,31383376.0,1115999.0,28121.33,665699.0,20453.0,775.0,38640.0,45630.0,3.0,4993.0,860.0,2218.0,28.0,42829.0,31911.0,0.0,14417.0,19.0,686152.0,182323.0,868475.0,143799.0,48.0,29992.0,16179.0,499431.0,39216.0,140144.0,868808.0,,,,,,,,,,,,,,,
LA RIOJA ,2014,7685969.0,319002.0,24093.8,104691.0,846.0,26.0,6737.0,7409.0,9.0,631.0,169.0,56.0,13.0,0.0,4659.0,0.0,39.0,10.0,105537.0,19758.0,125295.0,24629.0,5225.0,0.0,39857.0,0.0,61255.0,0.0,130966.0,,,,,,,,,,,,,,,
LA RIOJA ,2017,8295191.0,315381.0,26302.13,106943.0,1592.0,74.0,8570.0,7971.0,43.0,181.0,12.0,223.0,16.0,0.0,4989.0,0.0,103.0,6.0,108535.0,22188.0,130723.0,28676.0,4606.0,0.0,27284.0,0.0,77184.0,0.0,137748.0,,,,,,,,,,,,,,,
LA RIOJA ,2016,8014694.0,315794.0,25379.5,106233.0,1529.0,80.0,8784.0,7991.0,7.0,82.0,8.0,213.0,11.0,0.0,4780.0,0.0,8360.0,7.0,107762.0,30323.0,138085.0,27.97,4.537,0.0,31.08,0.0,74533.0,0.0,13812.0,,,,,,,,,,,,,,,
LA RIOJA ,2018,8593185.0,315675.0,27221.62,107923.0,3193.0,1.0,8923.0,8150.0,1.0,71.0,10.0,178.0,16.0,0.0,5507.0,0.0,144.0,4.0,111116.0,23005.0,134121.0,27969.0,4537.0,0.0,31081.0,0.0,74533.0,0.0,138120.0,,,,,,,,,,,,,,,
LA RIOJA ,2010,7977333.0,322415.0,24742.44,111409.0,1276.0,0.0,6496.0,9187.0,0.0,1153.0,11.0,266.0,7.0,0.0,4717.0,0.0,0.0,1.0,112685.0,21838.0,134523.0,26159.31,5298.125,0.0,38437.62,0.0,63157.5,0.0,133052.56,,,,,,,,,,,,,,,
LA RIOJA ,2012,7636210.0,323609.0,23597.03,104789.0,1040.0,28.0,5868.0,7919.0,9.0,91.0,7.0,73.0,5.0,0.0,4708.0,0.0,47.0,18.0,105829.0,18773.0,124602.0,25853.25,5283.5,0.0,38721.5,0.0,62777.0,0.0,132635.25,,,,,,,,,,,,,,,
LA RIOJA ,2015,7962438.0,317053.0,25113.9,105254.0,842.0,26.0,7532.0,7605.0,9.0,625.0,198.0,68.0,15.0,0.0,4688.0,0.0,39.0,10.0,106096.0,20815.0,126911.0,29526.0,5459.0,0.0,35315.0,0.0,67343.0,0.0,137643.0,,,,,,,,,,,,,,,
LA RIOJA ,2013,7539145.0,322027.0,23411.53,103026.0,8702.0,2.0,5929.0,7537.0,2.0,3.0,2.0,34.0,2.0,0.0,4705.0,0.0,20.0,1.0,111728.0,18237.0,129965.0,27077.5,5342.0,0.0,37586.0,0.0,64299.0,0.0,134304.5,,,,,,,,,,,,,,,
LA RIOJA ,2011,7907440.0,322955.0,24484.65,109774.0,741.0,0.0,5939.0,8584.0,0.0,0.0,0.0,0.0,0.0,0.0,4760.0,0.0,0.0,0.0,110515.0,19283.0,129798.0,26465.38,5312.75,0.0,38153.75,0.0,63538.0,0.0,133469.88,,,,,,,,,,,,,,,
MELILLA,2012,1369832.0,80802.0,16952.95,,,,,,,,,,,,,,,,,,,3238.0,0.0,0.0,0.0,41948.75,0.0,0.0,45186.75,,,,,,,,,,,,,,,
MELILLA,2010,1415709.0,76034.0,18619.42,,,,,,,,,,,,,,,,,,,3368.0,0.0,0.0,0.0,42116.19,0.0,0.0,45484.19,,,,,,,,,,,,,,,
MELILLA,2014,1402792.0,84509.0,16599.32,,,,,,,,,,,,,,,,,,,2718.0,0.0,0.0,0.0,41279.0,0.0,0.0,43997.0,,,,,,,,,,,,,,,
MELILLA,2011,1417774.0,78476.0,18066.34,,,,,,,,,,,,,,,,,,,3498.0,0.0,0.0,0.0,42283.62,0.0,0.0,45781.62,,,,,,,,,,,,,,,
MELILLA,2016,1506101.0,86026.0,17507.51,,,,,,,,,,,,,,,,,,,5.5,0.0,0.0,0.0,39493.0,0.0,0.0,44995.0,,,,,,,,,,,,,,,
MELILLA,2015,1461285.0,85584.0,17074.28,,,,,,,,,,,,,,,,,,,4798.0,0.0,0.0,0.0,43958.0,0.0,0.0,48756.0,,,,,,,,,,,,,,,
MELILLA,2013,1389601.0,83679.0,16606.33,,,,,,,,,,,,,,,,,,,3758.0,0.0,0.0,0.0,42618.5,0.0,0.0,46376.5,,,,,,,,,,,,,,,
MELILLA,2018,1582540.0,86384.0,18319.83,,,,,,,,,,,,,,,,,,,5502.0,0.0,0.0,0.0,39493.0,0.0,0.0,44995.0,,,,,,,,,,,,,,,
MELILLA,2017,1519867.0,86120.0,17648.25,,,,,,,,,,,,,,,,,,,3767.0,0.0,0.0,0.0,37407.0,0.0,0.0,41173.0,,,,,,,,,,,,,,,
PAÍS VASCO,2017,69657915.0,2194158.0,31746.99,550836.0,20175.0,1476.0,59903.0,139386.0,2325.0,37757.0,10814.0,7290.0,174.0,19882.0,43283.0,0.0,36071.0,66.0,571011.0,358427.0,929438.0,313046.0,8959.0,19641.0,39183.0,272237.0,83766.0,163014.0,899847.0,,,,,,,,,,,,,,,
PAÍS VASCO,2010,64680368.0,2178339.0,29692.52,694220.0,24083.0,2402.0,54075.0,169542.0,7922.0,22625.0,1097.0,2092.0,157.0,16071.0,31046.0,668.0,42783.0,7270.0,718303.0,357750.0,1076053.0,280844.75,18907.125,8877.375,35869.12,245290.75,85150.31,216172.75,891112.19,,,,,,,,,,,,,,,
PAÍS VASCO,2018,72029560.0,2199088.0,32754.29,609079.0,25268.0,1065.0,61700.0,147679.0,2255.0,36885.0,5223.0,3746.0,142.0,64337.0,47662.0,0.0,35532.0,22.0,634347.0,406248.0,1040595.0,313910.0,13512.0,58416.0,58327.0,260251.0,173229.0,126890.0,1004534.0,,,,,,,,,,,,,,,
PAÍS VASCO,2014,62677248.0,2188985.0,28633.02,564187.0,7293.0,435.0,56119.0,122104.0,1411.0,10015.0,12068.0,3968.0,91.0,6888.0,36020.0,0.0,22623.0,3459.0,571480.0,275201.0,846681.0,272376.0,22289.0,6468.0,27361.0,237992.0,81245.0,208694.0,856425.0,,,,,,,,,,,,,,,
PAÍS VASCO,2013,61625767.0,2191682.0,28118.02,779441.0,22008.0,929.0,54402.0,130614.0,1062.0,33587.0,6278.0,15067.0,164.0,25286.0,33942.0,0.0,41650.0,2152.0,801449.0,345133.0,1146582.0,285926.0,16878.0,10323.0,40974.0,249670.0,87493.5,220660.0,911924.5,,,,,,,,,,,,,,,
PAÍS VASCO,2015,64989988.0,2189257.0,29685.87,659754.0,8447.0,430.0,58948.0,117879.0,1398.0,9920.0,11907.0,4776.0,109.0,8509.0,38244.0,0.0,22408.0,3426.0,668201.0,277954.0,946155.0,299476.0,11467.0,14178.0,54587.0,261348.0,93742.0,232626.0,967424.0,,,,,,,,,,,,,,,
PAÍS VASCO,2011,64130843.0,2184606.0,29355.79,680888.0,11062.0,1457.0,54202.0,165214.0,6164.0,25947.0,1349.0,2056.0,149.0,17323.0,30848.0,0.0,51217.0,883.0,691950.0,356809.0,1048759.0,282538.5,18230.75,9359.25,37570.75,246750.5,85931.38,217668.5,898049.62,,,,,,,,,,,,,,,
PAÍS VASCO,2016,67126912.0,2189534.0,30658.08,640017.0,30764.0,1367.0,59178.0,128576.0,3207.0,32652.0,10916.0,5190.0,139.0,14988.0,39679.0,0.0,20334.0,216.0,670781.0,316442.0,987223.0,313.91,13.512,58.416,58.33,260.25,173.23,126.89,1004534.0,,,,,,,,,,,,,,,
PAÍS VASCO,2012,62558828.0,2193093.0,28525.39,769912.0,10149.0,1428.0,54038.0,124278.0,5118.0,21097.0,4849.0,5429.0,175.0,22319.0,32028.0,80.0,45125.0,2867.0,780061.0,318831.0,1098892.0,279151.0,19583.5,8395.5,34167.5,243831.0,84369.25,214677.0,884174.75,,,,,,,,,,,,,,,
PRINCIPADO DE ASTURIAS,2016,21694246.0,1042608.0,20807.67,395702.0,2222.0,563.0,37945.0,62374.0,473.0,4004.0,0.0,708.0,8.0,13728.0,10867.0,0.0,9315.0,36.0,397924.0,140021.0,537945.0,83.73,0.0,2.481,0.0,0.0,4908.0,390873.0,48199.0,,,,,,,,,,,,,,,
PRINCIPADO DE ASTURIAS,2013,20746770.0,1068165.0,19422.81,379965.0,9605.0,541.0,32817.0,58682.0,679.0,1942.0,106.0,787.0,6.0,7895.0,9944.0,0.0,16924.0,339.0,389570.0,130662.0,520232.0,130253.5,0.0,14649.5,0.0,0.0,4331.0,387883.0,537117.0,,,,,,,,,,,,,,,
PRINCIPADO DE ASTURIAS,2018,23258673.0,1028244.0,22619.8,388505.0,15404.0,813.0,16425.0,41766.0,943.0,3534.0,1234.0,2260.0,21.0,4879.0,12696.0,0.0,12409.0,44.0,403909.0,97024.0,500933.0,83728.0,0.0,2481.0,0.0,0.0,4908.0,390873.0,481990.0,,,,,,,,,,,,,,,
PRINCIPADO DE ASTURIAS,2014,20652899.0,1061756.0,19451.64,378646.0,15728.0,757.0,32687.0,49754.0,962.0,3595.0,504.0,1907.0,17.0,7365.0,9984.0,0.0,22534.0,438.0,394374.0,130504.0,524878.0,115005.0,0.0,17290.0,0.0,0.0,4375.0,378646.0,515315.0,,,,,,,,,,,,,,,
PRINCIPADO DE ASTURIAS,2011,22375426.0,1081487.0,20689.5,429491.0,5301.0,439.0,33763.0,67252.0,69.0,61.0,0.0,933.0,79.0,18626.0,10332.0,0.0,10217.0,827.0,434792.0,142598.0,577390.0,126441.38,0.0,15309.625,0.0,0.0,4342.0,385573.75,531666.5,,,,,,,,,,,,,,,
PRINCIPADO DE ASTURIAS,2015,21372587.0,1051229.0,20331.05,388188.0,15971.0,750.0,33197.0,56253.0,953.0,3561.0,579.0,2296.0,21.0,7284.0,10476.0,0.0,22320.0,434.0,404159.0,138124.0,542283.0,145502.0,0.0,12009.0,0.0,0.0,4287.0,397120.0,558919.0,,,,,,,,,,,,,,,
PRINCIPADO DE ASTURIAS,2012,21364846.0,1077360.0,19830.74,397887.0,5563.0,999.0,33534.0,55682.0,864.0,1826.0,136.0,939.0,74.0,6287.0,10016.0,0.0,20357.0,1105.0,403450.0,131819.0,535269.0,122629.25,0.0,15969.75,0.0,0.0,4353.0,383264.5,526216.0,,,,,,,,,,,,,,,
PRINCIPADO DE ASTURIAS,2017,22592548.0,1034960.0,21829.39,384797.0,8016.0,827.0,32131.0,53924.0,537.0,3176.0,882.0,1505.0,11.0,18226.0,11443.0,0.0,16007.0,29.0,392813.0,138698.0,531511.0,124207.0,0.0,15582.0,0.0,0.0,5366.0,386960.0,532115.0,,,,,,,,,,,,,,,
PRINCIPADO DE ASTURIAS,2010,22733586.0,1084341.0,20965.35,444310.0,6488.0,584.0,31626.0,93158.0,339.0,56.0,0.0,1679.0,202.0,7767.0,10284.0,0.0,19839.0,1375.0,450798.0,166909.0,617707.0,124535.31,0.0,15639.6875,0.0,0.0,4347.5,384419.125,528941.25,,,,,,,,,,,,,,,
REGIÓN DE MURCIA,2013,26566278.0,1472049.0,18047.14,606321.0,3814.0,190.0,22132.0,7474.0,106.0,741.0,215.0,372.0,108.0,4671.0,12401.0,0.0,1793.0,2887.0,610135.0,53090.0,663225.0,69800.5,17241.5,1751.5,115894.5,862.5,471407.0,11464.5,688422.0,,,,,,,,,,,,,,,
REGIÓN DE MURCIA,2016,29369879.0,1464847.0,20049.79,613940.0,10283.0,242.0,24485.0,17864.0,1512.0,859.0,564.0,965.0,95.0,5177.0,14860.0,0.0,2587.0,81.0,624223.0,69291.0,693514.0,82.96,26.423,0.0,125.29,0.0,484148.0,23251.0,742072.0,,,,,,,,,,,,,,,
REGIÓN DE MURCIA,2014,26712051.0,1466818.0,18210.88,596188.0,11546.0,196.0,21991.0,12864.0,172.0,801.0,142.0,1971.0,606.0,4788.0,12795.0,0.0,12079.0,754.0,607734.0,69159.0,676893.0,61825.0,13132.0,0.0,98669.0,0.0,485697.0,10669.0,669991.0,,,,,,,,,,,,,,,
REGIÓN DE MURCIA,2017,30538493.0,1470273.0,20770.63,640121.0,13814.0,240.0,24809.0,18764.0,694.0,1427.0,574.0,1688.0,61.0,4812.0,16144.0,0.0,1849.0,12.0,653935.0,71074.0,725009.0,81408.0,19962.0,0.0,141790.0,0.0,492496.0,0.0,735655.0,,,,,,,,,,,,,,,
REGIÓN DE MURCIA,2018,31198376.0,1478509.0,21101.24,639712.0,7768.0,316.0,26263.0,20879.0,133.0,2129.0,560.0,1311.0,40.0,9046.0,18170.0,0.0,3612.0,15.0,647480.0,82474.0,729954.0,82964.0,26423.0,0.0,125286.0,0.0,484148.0,23251.0,742072.0,,,,,,,,,,,,,,,
REGIÓN DE MURCIA,2010,27912742.0,1461979.0,19092.44,711540.0,15924.0,817.0,74000.0,22561.0,4404.0,871.0,46.0,1752.0,218.0,52953.0,13236.0,1.0,472.0,8708.0,727464.0,180039.0,907503.0,66809.69,15700.4375,1094.6875,109434.94,539.06,476765.75,11166.1875,681510.38,,,,,,,,,,,,,,,
REGIÓN DE MURCIA,2015,28492083.0,1467288.0,19418.19,589409.0,11306.0,194.0,23450.0,13814.0,170.0,793.0,144.0,2373.0,730.0,11503.0,13466.0,0.0,11965.0,747.0,600715.0,79349.0,680064.0,77776.0,21351.0,3503.0,133120.0,1725.0,457117.0,12260.0,706853.0,,,,,,,,,,,,,,,
REGIÓN DE MURCIA,2012,26508820.0,1474449.0,17978.8,579368.0,3488.0,263.0,22590.0,8430.0,1512.0,560.0,328.0,564.0,120.0,7402.0,15688.0,4.0,2142.0,123.0,582856.0,59726.0,642582.0,65812.75,15186.75,875.75,107281.75,431.25,478552.0,11066.75,679206.5,,,,,,,,,,,,,,,
REGIÓN DE MURCIA,2011,27236069.0,1470069.0,18527.07,577721.0,1694.0,3275.0,18755.0,18849.0,2281.0,1206.0,421.0,2020.0,133.0,2312.0,13506.0,0.0,3496.0,675.0,579415.0,66929.0,646344.0,67806.62,16214.125,1313.625,111588.12,646.88,474979.5,11265.625,683814.25,,,,,,,,,,,,,,,
TOTAL NACIONAL,2014,1032158000.0,46771341.0,22068.17,16886941.0,643136.0,22598.0,733864.0,976896.0,39807.0,88498.0,41329.0,52582.0,3061.0,781960.0,565736.0,0.0,433444.0,58455.0,17530077.0,3798230.0,21328307.0,2873913.0,595446.0,489154.0,2565033.0,2459046.0,7520360.0,4334087.0,20837040.0,0.49,0.83,4.46,0.0,0.47,0.22,0.0,0.0,0.09,0.0,622.23,17.46,0.0,2.08,11.24
TOTAL NACIONAL,2012,1031099000.0,47265321.0,21815.13,17911466.0,403637.0,34640.0,735547.0,1085574.0,107524.0,130509.0,14656.0,32179.0,1876.0,799776.0,641266.0,24849.0,442031.0,30281.0,18315103.0,4080708.0,22395811.0,2973773.75,614441.0,494190.75,2633982.75,2491541.75,7534448.25,4270862.5,21013239.25,0.25,0.99,4.74,0.0,0.38,0.22,0.0,0.0,0.08,0.0,542.86,18.72,0.0,0.67,15.78
TOTAL NACIONAL,2015,1077590000.0,46624382.0,23112.16,17106176.0,647373.0,22430.0,755608.0,1008959.0,39453.0,87765.0,40767.0,63338.0,3687.0,789919.0,592353.0,0.0,430561.0,57905.0,17753549.0,3892745.0,21646294.0,3273360.0,671425.0,509298.0,2840833.0,2589025.0,7576718.0,4081184.0,21541842.0,0.57,0.88,4.6,0.0,0.52,0.22,0.0,0.0,0.09,0.0,797.12,17.37,0.0,2.08,11.58
TOTAL NACIONAL,2010,1072709000.0,47021031.0,22813.39,18808667.0,586598.0,56416.0,804000.0,1467365.0,185501.0,192052.0,4683.0,61216.0,3083.0,954377.0,640286.0,44694.0,437595.0,133490.0,19395265.0,4984758.0,24380023.0,2998739.19,619189.75,495449.6875,2651220.44,2499665.44,7537970.56,4255055.875,21057289.56,0.12,1.09,4.52,0.0,0.32,0.31,0.0,0.0,0.09,0.0,792.33,16.23,0.0,1.49,13.14
TOTAL NACIONAL,2017,1161867000.0,46572132.0,24947.69,17457709.0,814281.0,20940.0,815883.0,1061380.0,24571.0,189733.0,39235.0,54599.0,1780.0,876822.0,660932.0,0.0,495597.0,1719.0,18271990.0,4243191.0,22515181.0,3372785.0,660153.0,498827.0,3419208.0,2803475.0,7571910.0,3691506.0,22017865.0,0.51,0.86,4.52,0.0,0.55,0.21,0.0,0.0,0.09,0.0,742.75,16.83,0.0,2.09,11.61
TOTAL NACIONAL,2016,1113840000.0,46557008.0,23924.22,17141367.0,910708.0,20376.0,797928.0,1021166.0,25119.0,95081.0,34616.0,46068.0,1920.0,835703.0,611790.0,0.0,295142.0,41389.0,18052075.0,3826298.0,21878373.0,3372785.0,660153.0,498827.0,3419208.0,2803475.0,7571910.0,3691506.0,22017865.0,0.39,0.86,4.54,0.0,0.56,0.21,0.0,0.0,0.09,0.0,785.16,50.31,0.0,2.08,11.92
TOTAL NACIONAL,2011,1063763000.0,47190493.0,22541.89,18291848.0,481780.0,43394.0,733682.0,1266397.0,104681.0,127522.0,7668.0,29330.0,1624.0,930511.0,653976.0,33302.0,564613.0,11651.0,18773628.0,4508351.0,23281979.0,3023704.62,623938.5,496708.625,2668458.12,2507789.12,7541492.88,4239249.25,21101339.88,0.19,1.03,4.76,0.0,0.34,0.23,0.0,0.0,0.09,0.0,826.9,19.8,0.0,1.45,13.03
TOTAL NACIONAL,2013,1020348000.0,47129783.0,21649.75,17320704.0,532122.0,20985.0,720930.0,988226.0,21577.0,105646.0,23488.0,41644.0,7119.0,844081.0,559258.0,0.0,465104.0,134801.0,17852826.0,3932859.0,21785685.0,3073635.5,633436.0,499226.5,2702933.5,2524036.5,7548537.5,4207636.0,21189440.5,0.41,0.91,4.66,0.0,0.39,0.22,0.0,0.0,0.08,0.0,954.47,17.95,0.0,0.67,10.58
TOTAL NACIONAL,2018,1204241000.0,46722980.0,25774.06,17611068.0,673495.0,27875.0,834764.0,1067384.0,24050.0,136153.0,40344.0,58733.0,1890.0,1010016.0,743556.0,0.0,472548.0,1891.0,18284563.0,4419204.0,22703767.0,3221200.0,786394.0,949190.0,3314166.0,2579509.0,8356432.0,3531459.0,22264823.0,0.51,0.78,4.81,0.0,0.6,0.21,0.0,0.0,0.09,0.0,1009.63,17.52,0.0,2.09,11.56
