{"Autonomous communities":{"0":"ANDALUC\u00cdA","1":"ANDALUC\u00cdA","2":"ANDALUC\u00cdA","3":"ANDALUC\u00cdA","4":"ANDALUC\u00cdA","5":"ANDALUC\u00cdA","6":"ANDALUC\u00cdA","7":"ANDALUC\u00cdA","8":"ANDALUC\u00cdA","9":"ARAG\u00d3N","10":"ARAG\u00d3N","11":"ARAG\u00d3N","12":"ARAG\u00d3N","13":"ARAG\u00d3N","14":"ARAG\u00d3N","15":"ARAG\u00d3N","16":"ARAG\u00d3N","17":"ARAG\u00d3N","18":"CANARIAS","19":"CANARIAS","20":"CANARIAS","21":"CANARIAS","22":"CANARIAS","23":"CANARIAS","24":"CANARIAS","25":"CANARIAS","26":"CANARIAS","27":"CANTABRIA","28":"CANTABRIA","29":"CANTABRIA","30":"CANTABRIA","31":"CANTABRIA","32":"CANTABRIA","33":"CANTABRIA","34":"CANTABRIA","35":"CANTABRIA","36":"CASTILLA - LA MANCHA","37":"CASTILLA - LA MANCHA","38":"CASTILLA - LA MANCHA","39":"CASTILLA - LA MANCHA","40":"CASTILLA - LA MANCHA","41":"CASTILLA - LA MANCHA","42":"CASTILLA - LA MANCHA","43":"CASTILLA - LA MANCHA","44":"CASTILLA - LA MANCHA","45":"CASTILLA Y LE\u00d3N","46":"CASTILLA Y LE\u00d3N","47":"CASTILLA Y LE\u00d3N","48":"CASTILLA Y LE\u00d3N","49":"CASTILLA Y LE\u00d3N","50":"CASTILLA Y LE\u00d3N","51":"CASTILLA Y LE\u00d3N","52":"CASTILLA Y LE\u00d3N","53":"CASTILLA Y LE\u00d3N","54":"CATALU\u00d1A","55":"CATALU\u00d1A","56":"CATALU\u00d1A","57":"CATALU\u00d1A","58":"CATALU\u00d1A","59":"CATALU\u00d1A","60":"CATALU\u00d1A","61":"CATALU\u00d1A","62":"CATALU\u00d1A","63":"COMUNIDAD DE MADRID","64":"COMUNIDAD DE MADRID","65":"COMUNIDAD DE MADRID","66":"COMUNIDAD DE MADRID","67":"COMUNIDAD DE MADRID","68":"COMUNIDAD DE MADRID","69":"COMUNIDAD DE MADRID","70":"COMUNIDAD DE MADRID","71":"COMUNIDAD DE MADRID","72":"COMUNIDAD FORAL DE NAVARRA","73":"COMUNIDAD FORAL DE NAVARRA","74":"COMUNIDAD FORAL DE NAVARRA","75":"COMUNIDAD FORAL DE NAVARRA","76":"COMUNIDAD FORAL DE NAVARRA","77":"COMUNIDAD FORAL DE NAVARRA","78":"COMUNIDAD FORAL DE NAVARRA","79":"COMUNIDAD FORAL DE NAVARRA","80":"COMUNIDAD FORAL DE NAVARRA","81":"COMUNITAT VALENCIANA","82":"COMUNITAT VALENCIANA","83":"COMUNITAT VALENCIANA","84":"COMUNITAT VALENCIANA","85":"COMUNITAT VALENCIANA","86":"COMUNITAT VALENCIANA","87":"COMUNITAT VALENCIANA","88":"COMUNITAT VALENCIANA","89":"COMUNITAT VALENCIANA","90":"EXTREMADURA","91":"EXTREMADURA","92":"EXTREMADURA","93":"EXTREMADURA","94":"EXTREMADURA","95":"EXTREMADURA","96":"EXTREMADURA","97":"EXTREMADURA","98":"EXTREMADURA","99":"GALICIA","100":"GALICIA","101":"GALICIA","102":"GALICIA","103":"GALICIA","104":"GALICIA","105":"GALICIA","106":"GALICIA","107":"GALICIA","108":"ILLES BALEARS ","109":"ILLES BALEARS ","110":"ILLES BALEARS ","111":"ILLES BALEARS ","112":"ILLES BALEARS ","113":"ILLES BALEARS ","114":"ILLES BALEARS ","115":"ILLES BALEARS ","116":"ILLES BALEARS ","117":"LA RIOJA ","118":"LA RIOJA ","119":"LA RIOJA ","120":"LA RIOJA ","121":"LA RIOJA ","122":"LA RIOJA ","123":"LA RIOJA ","124":"LA RIOJA ","125":"LA RIOJA ","126":"PA\u00cdS VASCO","127":"PA\u00cdS VASCO","128":"PA\u00cdS VASCO","129":"PA\u00cdS VASCO","130":"PA\u00cdS VASCO","131":"PA\u00cdS VASCO","132":"PA\u00cdS VASCO","133":"PA\u00cdS VASCO","134":"PA\u00cdS VASCO","135":"PRINCIPADO DE ASTURIAS","136":"PRINCIPADO DE ASTURIAS","137":"PRINCIPADO DE ASTURIAS","138":"PRINCIPADO DE ASTURIAS","139":"PRINCIPADO DE ASTURIAS","140":"PRINCIPADO DE ASTURIAS","141":"PRINCIPADO DE ASTURIAS","142":"PRINCIPADO DE ASTURIAS","143":"PRINCIPADO DE ASTURIAS","144":"REGI\u00d3N DE MURCIA","145":"REGI\u00d3N DE MURCIA","146":"REGI\u00d3N DE MURCIA","147":"REGI\u00d3N DE MURCIA","148":"REGI\u00d3N DE MURCIA","149":"REGI\u00d3N DE MURCIA","150":"REGI\u00d3N DE MURCIA","151":"REGI\u00d3N DE MURCIA","152":"REGI\u00d3N DE MURCIA"},"Year":{"0":2010,"1":2016,"2":2012,"3":2017,"4":2014,"5":2013,"6":2011,"7":2015,"8":2018,"9":2012,"10":2017,"11":2011,"12":2016,"13":2015,"14":2018,"15":2010,"16":2014,"17":2013,"18":2013,"19":2010,"20":2012,"21":2016,"22":2017,"23":2014,"24":2015,"25":2018,"26":2011,"27":2014,"28":2012,"29":2013,"30":2015,"31":2016,"32":2010,"33":2018,"34":2017,"35":2011,"36":2017,"37":2018,"38":2010,"39":2014,"40":2012,"41":2013,"42":2011,"43":2016,"44":2015,"45":2011,"46":2010,"47":2012,"48":2018,"49":2014,"50":2015,"51":2013,"52":2017,"53":2016,"54":2016,"55":2013,"56":2015,"57":2018,"58":2017,"59":2014,"60":2011,"61":2012,"62":2010,"63":2013,"64":2014,"65":2017,"66":2015,"67":2012,"68":2016,"69":2010,"70":2018,"71":2011,"72":2011,"73":2010,"74":2016,"75":2015,"76":2013,"77":2018,"78":2017,"79":2014,"80":2012,"81":2011,"82":2017,"83":2016,"84":2015,"85":2013,"86":2012,"87":2018,"88":2010,"89":2014,"90":2013,"91":2016,"92":2018,"93":2011,"94":2017,"95":2010,"96":2012,"97":2015,"98":2014,"99":2017,"100":2014,"101":2012,"102":2013,"103":2016,"104":2018,"105":2015,"106":2011,"107":2010,"108":2017,"109":2015,"110":2012,"111":2013,"112":2016,"113":2010,"114":2018,"115":2011,"116":2014,"117":2010,"118":2017,"119":2018,"120":2014,"121":2013,"122":2012,"123":2016,"124":2015,"125":2011,"126":2013,"127":2012,"128":2018,"129":2014,"130":2017,"131":2016,"132":2015,"133":2011,"134":2010,"135":2016,"136":2012,"137":2015,"138":2018,"139":2017,"140":2014,"141":2010,"142":2011,"143":2013,"144":2013,"145":2018,"146":2016,"147":2017,"148":2012,"149":2014,"150":2010,"151":2015,"152":2011},"GDP":{"0":144752225,"1":148405362,"2":138007226,"3":155371755,"4":137722026,"5":136048003,"6":143389086,"7":144745569,"8":160711363,"9":31963049,"10":35638352,"11":33368344,"12":34214691,"13":32876311,"14":36850296,"15":33828995,"16":32289054,"17":32082809,"18":39032454,"19":40811481,"20":39204779,"21":42013704,"22":44205400,"23":39266705,"24":40566240,"25":45823321,"26":40595330,"27":12057567,"28":12167280,"29":11864241,"30":12325933,"31":12736089,"32":12836685,"33":13737756,"34":13226038,"35":12622706,"36":39891219,"37":41521223,"38":38706827,"39":35353236,"40":36890198,"41":36153041,"42":38258606,"43":38315029,"44":37113609,"45":54575008,"46":54970431,"47":52868471,"48":58477225,"49":51539425,"50":53238351,"51":51504174,"52":56051831,"53":54767172,"54":212703912,"55":192006545,"56":204355232,"57":229345722,"58":221476488,"59":195370105,"60":198906023,"61":193449278,"62":201705890,"63":192620202,"64":194960214,"65":222027547,"66":204244524,"67":195026853,"68":211672686,"69":197145571,"70":231133592,"71":198465261,"72":17942160,"73":17973969,"74":18747249,"75":18145704,"76":17237767,"77":20047454,"78":19528873,"79":17505255,"80":17282206,"81":99706759,"82":107785815,"83":103228580,"84":100110751,"85":94309154,"86":95177430,"87":111793978,"88":101201463,"89":96320641,"90":17057479,"91":18504343,"92":20088238,"93":17738058,"94":19534814,"95":18135329,"96":17065094,"97":17902594,"98":17024183,"99":60394810,"100":54190333,"101":53971849,"102":53925394,"103":58279948,"104":62436133,"105":56666599,"106":55767991,"107":56767263,"108":31383376,"109":28245574,"110":25979358,"111":25931407,"112":29831313,"113":26535097,"114":32767619,"115":26398144,"116":26769837,"117":7977333,"118":8295191,"119":8593185,"120":7685969,"121":7539145,"122":7636210,"123":8014694,"124":7962438,"125":7907440,"126":61625767,"127":62558828,"128":72029560,"129":62677248,"130":69657915,"131":67126912,"132":64989988,"133":64130843,"134":64680368,"135":21694246,"136":21364846,"137":21372587,"138":23258673,"139":22592548,"140":20652899,"141":22733586,"142":22375426,"143":20746770,"144":26566278,"145":31198376,"146":29369879,"147":30538493,"148":26508820,"149":26712051,"150":27912742,"151":28492083,"152":27236069},"Population":{"0":8370975,"1":8388107,"2":8449985,"3":8379820,"4":8402305,"5":8440300,"6":8424102,"7":8399043,"8":8384408,"9":1349467,"10":1308750,"11":1346293,"12":1308563,"13":1317847,"14":1308728,"15":1347095,"16":1325385,"17":1347150,"18":2118679,"19":2118519,"20":2118344,"21":2101924,"22":2108121,"23":2104815,"24":2100306,"25":2127685,"26":2126769,"27":588656,"28":593861,"29":591888,"30":585179,"31":582206,"32":592250,"33":580229,"34":580295,"35":593121,"36":2031479,"37":2026807,"38":2098373,"39":2078611,"40":2121888,"41":2100998,"42":2115334,"43":2041631,"44":2059191,"45":2558463,"46":2559515,"47":2546078,"48":2409164,"49":2494790,"50":2472052,"51":2519875,"52":2425801,"53":2447519,"54":7522596,"55":7553650,"56":7508106,"57":7600065,"58":7555830,"59":7518903,"60":7539618,"61":7570908,"62":7512381,"63":6495551,"64":6454440,"65":6507184,"66":6436996,"67":6498560,"68":6466996,"69":6458684,"70":6578079,"71":6489680,"72":642051,"73":636924,"74":640647,"75":640476,"76":644477,"77":647554,"78":643234,"79":640790,"80":644566,"81":5117190,"82":4941509,"83":4959968,"84":4980689,"85":5113815,"86":5129266,"87":4963703,"88":5111706,"89":5004844,"90":1104004,"91":1087778,"92":1072863,"93":1109367,"94":1079920,"95":1107220,"96":1108130,"97":1092997,"98":1099632,"99":2708339,"100":2748695,"101":2781498,"102":2765940,"103":2718525,"104":2701743,"105":2732347,"106":2795422,"107":2797653,"108":1115999,"109":1104479,"110":1119439,"111":1111674,"112":1107220,"113":1106049,"114":1128908,"115":1113114,"116":1103442,"117":322415,"118":315381,"119":315675,"120":319002,"121":322027,"122":323609,"123":315794,"124":317053,"125":322955,"126":2191682,"127":2193093,"128":2199088,"129":2188985,"130":2194158,"131":2189534,"132":2189257,"133":2184606,"134":2178339,"135":1042608,"136":1077360,"137":1051229,"138":1028244,"139":1034960,"140":1061756,"141":1084341,"142":1081487,"143":1068165,"144":1472049,"145":1478509,"146":1464847,"147":1470273,"148":1474449,"149":1466818,"150":1461979,"151":1467288,"152":1470069},"GDP per capita":{"0":17292.16,"1":17692.35,"2":16332.25,"3":18541.18,"4":16390.98,"5":16118.86,"6":17021.29,"7":17233.58,"8":19167.88,"9":23685.68,"10":27230.83,"11":24785.35,"12":26146.77,"13":24946.99,"14":28157.34,"15":25112.55,"16":24362.02,"17":23815.32,"18":18423.01,"19":19264.16,"20":18507.28,"21":19988.21,"22":20969.1,"23":18655.66,"24":19314.44,"25":21536.7,"26":19087.79,"27":20483.21,"28":20488.43,"29":20044.74,"30":21063.53,"31":21875.57,"32":21674.44,"33":23676.44,"34":22791.92,"35":21281.84,"36":19636.54,"37":20486.03,"38":18446.11,"39":17008.11,"40":17385.55,"41":17207.56,"42":18086.32,"43":18766.87,"44":18023.39,"45":21331.17,"46":21476.89,"47":20764.67,"48":24272.83,"49":20658.82,"50":21536.1,"51":20439.18,"52":23106.52,"53":22376.61,"54":28275.33,"55":25419.04,"56":27217.95,"57":30176.81,"58":29312.0,"59":25983.86,"60":26381.45,"61":25551.66,"62":26849.8,"63":29654.17,"64":30205.6,"65":34120.37,"66":31729.79,"67":30010.78,"68":32731.22,"69":30524.11,"70":35136.94,"71":30581.67,"72":27945.07,"73":28219.96,"74":29262.99,"75":28331.59,"76":26746.91,"77":30958.74,"78":30360.45,"79":27318.24,"80":26812.16,"81":19484.67,"82":21812.33,"83":20812.35,"84":20099.78,"85":18442.03,"86":18555.76,"87":22522.29,"88":19797.98,"89":19245.48,"90":15450.56,"91":17011.14,"92":18723.95,"93":15989.35,"94":18089.13,"95":16379.16,"96":15399.9,"97":16379.36,"98":15481.71,"99":22299.58,"100":19714.93,"101":19403.88,"102":19496.23,"103":21438.08,"104":23109.58,"105":20739.17,"106":19949.76,"107":20291.03,"108":28121.33,"109":25573.66,"110":23207.48,"111":23326.45,"112":26942.53,"113":23990.89,"114":29025.94,"115":23715.58,"116":24260.3,"117":24742.44,"118":26302.13,"119":27221.62,"120":24093.8,"121":23411.53,"122":23597.03,"123":25379.5,"124":25113.9,"125":24484.65,"126":28118.02,"127":28525.39,"128":32754.29,"129":28633.02,"130":31746.99,"131":30658.08,"132":29685.87,"133":29355.79,"134":29692.52,"135":20807.67,"136":19830.74,"137":20331.05,"138":22619.8,"139":21829.39,"140":19451.64,"141":20965.35,"142":20689.5,"143":19422.81,"144":18047.14,"145":21101.24,"146":20049.79,"147":20770.63,"148":17978.8,"149":18210.88,"150":19092.44,"151":19418.19,"152":18527.07},"Domestic Waste and Wheelie Bins -C":{"0":4213174,"1":3545590,"2":4134974,"3":3493910,"4":3437380,"5":3825590,"6":3796057,"7":3479079,"8":3755593,"9":459778,"10":470023,"11":487574,"12":454709,"13":449639,"14":475448,"15":479442,"16":444074,"17":440763,"18":1052980,"19":1220612,"20":1134763,"21":1073045,"22":1123413,"23":1090966,"24":1108156,"25":1128714,"26":1151544,"27":235816,"28":246177,"29":236156,"30":240609,"31":241085,"32":259965,"33":246839,"34":240509,"35":259307,"36":802570,"37":849572,"38":968613,"39":770997,"40":826883,"41":777284,"42":1010610,"43":794580,"44":822222,"45":973608,"46":887984,"47":923318,"48":915396,"49":916318,"50":918192,"51":838782,"52":898486,"53":906336,"54":2276881,"55":2495715,"56":2283180,"57":2216496,"58":2350780,"59":2402829,"60":2570746,"61":2334367,"62":2441711,"63":1897284,"64":1977666,"65":2159053,"66":1929269,"67":1947739,"68":2017961,"69":2108673,"70":1996857,"71":2062422,"72":180874,"73":185635,"74":153238,"75":158723,"76":170106,"77":153346,"78":156189,"79":161882,"80":174865,"81":1805042,"82":2014008,"83":1855269,"84":1865704,"85":1798999,"86":1811419,"87":2050369,"88":1869060,"89":1843503,"90":391583,"91":398673,"92":425445,"93":450878,"94":425308,"95":491529,"96":428571,"97":405565,"98":404418,"99":938191,"100":923724,"101":930930,"102":906675,"103":933618,"104":940395,"105":925608,"106":983351,"107":1002349,"108":665699,"109":740768,"110":656391,"111":580790,"112":690919,"113":686634,"114":672375,"115":728073,"116":592710,"117":111409,"118":106943,"119":107923,"120":104691,"121":103026,"122":104789,"123":106233,"124":105254,"125":109774,"126":779441,"127":769912,"128":609079,"129":564187,"130":550836,"131":640017,"132":659754,"133":680888,"134":694220,"135":395702,"136":397887,"137":388188,"138":388505,"139":384797,"140":378646,"141":444310,"142":429491,"143":379965,"144":606321,"145":639712,"146":613940,"147":640121,"148":579368,"149":596188,"150":711540,"151":589409,"152":577721},"Bulk -C":{"0":155836,"1":361986,"2":99589,"3":380959,"4":252293,"5":181998,"6":152281,"7":255581,"8":153300,"9":4391,"10":3391,"11":4693,"12":3907,"13":8087,"14":24205,"15":14003,"16":8027,"17":10902,"18":19188,"19":30371,"20":27410,"21":23555,"22":22064,"23":36599,"24":36822,"25":25440,"26":29880,"27":19632,"28":17002,"29":17504,"30":19841,"31":23004,"32":8153,"33":23336,"34":21135,"35":14905,"36":29996,"37":9959,"38":31588,"39":38474,"40":13005,"41":29375,"42":11306,"43":86875,"44":40640,"45":23539,"46":33977,"47":12644,"48":17151,"49":13139,"50":13041,"51":14062,"52":28717,"53":11829,"54":163348,"55":86516,"56":94157,"57":117245,"58":105836,"59":100042,"60":55438,"61":83700,"62":77627,"63":51035,"64":51997,"65":44938,"66":50243,"67":51972,"68":59683,"69":66879,"70":27001,"71":30682,"72":8984,"73":10709,"74":12147,"75":2865,"76":9686,"77":20058,"78":16568,"79":2950,"80":9262,"81":91753,"82":70823,"83":82055,"84":44483,"85":28634,"86":45969,"87":100906,"88":59550,"89":44376,"90":3695,"91":17444,"92":23809,"93":6465,"94":13280,"95":16706,"96":5628,"97":4207,"98":4236,"99":12507,"100":14984,"101":9232,"102":8990,"103":12217,"104":13508,"105":14872,"106":21650,"107":23130,"108":20453,"109":25968,"110":3408,"111":26407,"112":7845,"113":10298,"114":65140,"115":11405,"116":20977,"117":1276,"118":1592,"119":3193,"120":846,"121":8702,"122":1040,"123":1529,"124":842,"125":741,"126":22008,"127":10149,"128":25268,"129":7293,"130":20175,"131":30764,"132":8447,"133":11062,"134":24083,"135":2222,"136":5563,"137":15971,"138":15404,"139":8016,"140":15728,"141":6488,"142":5301,"143":9605,"144":3814,"145":7768,"146":10283,"147":13814,"148":3488,"149":11546,"150":15924,"151":11306,"152":1694},"Metallics waste-C":{"0":11203,"1":4425,"2":7185,"3":4627,"4":4321,"5":5361,"6":8370,"7":4324,"8":1600,"9":977,"10":220,"11":1011,"12":327,"13":346,"14":324,"15":1105,"16":348,"17":362,"18":253,"19":1953,"20":1012,"21":1096,"22":1334,"23":520,"24":515,"25":2305,"26":1529,"27":310,"28":444,"29":293,"30":307,"31":421,"32":1005,"33":484,"34":418,"35":454,"36":399,"37":531,"38":11221,"39":358,"40":385,"41":317,"42":2787,"43":290,"44":354,"45":1378,"46":1108,"47":372,"48":816,"49":1005,"50":996,"51":314,"52":596,"53":926,"54":4091,"55":4423,"56":4885,"57":7293,"58":7023,"59":4932,"60":3363,"61":6420,"62":13187,"63":3515,"64":1571,"65":663,"66":1556,"67":11088,"68":522,"69":4273,"70":769,"71":10870,"72":6425,"73":1894,"74":194,"75":57,"76":1466,"77":143,"78":75,"79":57,"80":1331,"81":842,"82":1341,"83":763,"84":2119,"85":1663,"86":1533,"87":2052,"88":3290,"89":2139,"90":39,"91":3836,"92":123,"93":157,"94":199,"95":1220,"96":96,"97":2561,"98":2585,"99":652,"100":2778,"101":790,"102":1099,"103":663,"104":1250,"105":2751,"106":537,"107":884,"108":775,"109":259,"110":153,"111":137,"112":569,"113":270,"114":7982,"115":500,"116":261,"117":0,"118":74,"119":1,"120":26,"121":2,"122":28,"123":80,"124":26,"125":0,"126":929,"127":1428,"128":1065,"129":435,"130":1476,"131":1367,"132":430,"133":1457,"134":2402,"135":563,"136":999,"137":750,"138":813,"139":827,"140":757,"141":584,"142":439,"143":541,"144":190,"145":316,"146":242,"147":240,"148":263,"149":196,"150":817,"151":194,"152":3275},"Waste Glass-C":{"0":82031,"1":99622,"2":76114,"3":91570,"4":82208,"5":79001,"6":74820,"7":95057,"8":108768,"9":23905,"10":18197,"11":23203,"12":17778,"13":17676,"14":18939,"15":23203,"16":16668,"17":19478,"18":29363,"19":27221,"20":29126,"21":35939,"22":38888,"23":31163,"24":33225,"25":41243,"26":29040,"27":10237,"28":10281,"29":10386,"30":10999,"31":11212,"32":10547,"33":11261,"34":10980,"35":10432,"36":21371,"37":21350,"38":20887,"39":20690,"40":21061,"41":21040,"42":21268,"43":20555,"44":20630,"45":41676,"46":42714,"47":40774,"48":49557,"49":40857,"50":40826,"51":40280,"52":48353,"53":44175,"54":170831,"55":154732,"56":158878,"57":168197,"58":182760,"59":162447,"60":180729,"61":169191,"62":186378,"63":78640,"64":78005,"65":89184,"66":78430,"67":80620,"68":81820,"69":82497,"70":104923,"71":82662,"72":16190,"73":16168,"74":15959,"75":15871,"76":15521,"77":16777,"78":16179,"79":16697,"80":15684,"81":74444,"82":82770,"83":82254,"84":80869,"85":80869,"86":79540,"87":85018,"88":77146,"89":79025,"90":8676,"91":9559,"92":8231,"93":7501,"94":7943,"95":8570,"96":7439,"97":8003,"98":7156,"99":43307,"100":39045,"101":36465,"102":38058,"103":41253,"104":45757,"105":39743,"106":36359,"107":39096,"108":38640,"109":31759,"110":29039,"111":29324,"112":36051,"113":21097,"114":40752,"115":22298,"116":31628,"117":6496,"118":8570,"119":8923,"120":6737,"121":5929,"122":5868,"123":8784,"124":7532,"125":5939,"126":54402,"127":54038,"128":61700,"129":56119,"130":59903,"131":59178,"132":58948,"133":54202,"134":54075,"135":37945,"136":33534,"137":33197,"138":16425,"139":32131,"140":32687,"141":31626,"142":33763,"143":32817,"144":22132,"145":26263,"146":24485,"147":24809,"148":22590,"149":21991,"150":74000,"151":23450,"152":18755},"Waste Paper and Cardboard-C":{"0":136017,"1":101816,"2":111678,"3":102877,"4":95866,"5":100864,"6":118200,"7":100815,"8":117131,"9":25516,"10":26725,"11":31964,"12":25012,"13":22445,"14":28910,"15":31964,"16":22514,"17":26566,"18":30624,"19":69027,"20":33507,"21":33094,"22":31954,"23":30659,"24":31543,"25":40485,"26":34043,"27":9878,"28":12048,"29":10335,"30":9640,"31":5050,"32":13826,"33":10381,"34":4053,"35":13417,"36":31374,"37":28067,"38":36202,"39":26218,"40":28472,"41":26351,"42":30697,"43":26665,"44":24356,"45":55753,"46":56725,"47":49338,"48":43700,"49":43432,"50":43442,"51":45036,"52":45179,"53":44676,"54":273028,"55":262428,"56":298134,"57":224596,"58":296067,"59":271427,"60":408518,"61":318118,"62":453952,"63":94388,"64":89463,"65":99641,"66":86451,"67":114410,"68":88078,"69":160181,"70":121390,"71":136194,"72":25905,"73":30090,"74":26684,"75":26057,"76":24427,"77":27931,"78":26211,"79":22981,"80":24427,"81":66658,"82":60081,"83":62387,"84":54032,"85":54032,"86":60294,"87":70106,"88":75158,"89":57928,"90":34437,"91":34629,"92":36522,"93":16286,"94":31576,"95":32753,"96":32580,"97":40151,"98":39097,"99":33262,"100":31674,"101":34556,"102":31619,"103":34402,"104":37457,"105":32591,"106":38163,"107":46567,"108":45630,"109":40223,"110":38865,"111":38238,"112":43425,"113":24606,"114":54341,"115":25162,"116":39564,"117":9187,"118":7971,"119":8150,"120":7409,"121":7537,"122":7919,"123":7991,"124":7605,"125":8584,"126":130614,"127":124278,"128":147679,"129":122104,"130":139386,"131":128576,"132":117879,"133":165214,"134":169542,"135":62374,"136":55682,"137":56253,"138":41766,"139":53924,"140":49754,"141":93158,"142":67252,"143":58682,"144":7474,"145":20879,"146":17864,"147":18764,"148":8430,"149":12864,"150":22561,"151":13814,"152":18849},"Plastics-C":{"0":28898,"1":727,"2":10852,"3":1421,"4":2361,"5":809,"6":13063,"7":2363,"8":1677,"9":1733,"10":0,"11":1601,"12":43,"13":13,"14":251,"15":5668,"16":13,"17":0,"18":1,"19":7952,"20":6497,"21":4549,"22":76,"23":31,"24":31,"25":5,"26":6878,"27":0,"28":2146,"29":0,"30":0,"31":0,"32":2804,"33":0,"34":0,"35":4530,"36":11519,"37":12199,"38":8860,"39":309,"40":4911,"41":0,"42":9971,"43":9947,"44":307,"45":7349,"46":7868,"47":8357,"48":940,"49":325,"50":322,"51":175,"52":447,"53":858,"54":910,"55":1975,"56":2964,"57":2086,"58":2175,"59":2993,"60":19847,"61":37467,"62":30305,"63":3143,"64":376,"65":2879,"66":372,"67":3630,"68":480,"69":38083,"70":465,"71":10171,"72":1043,"73":2512,"74":641,"75":1589,"76":1551,"77":114,"78":648,"79":1604,"80":8484,"81":16978,"82":481,"83":639,"84":1889,"85":1687,"86":6270,"87":1761,"88":26006,"89":1907,"90":2,"91":4,"92":0,"93":646,"94":0,"95":4416,"96":1074,"97":13,"98":13,"99":1324,"100":26958,"101":4281,"102":10384,"103":1100,"104":813,"105":26702,"106":2152,"107":7219,"108":3,"109":359,"110":4038,"111":0,"112":21,"113":2245,"114":407,"115":1935,"116":362,"117":0,"118":43,"119":1,"120":9,"121":2,"122":9,"123":7,"124":9,"125":0,"126":1062,"127":5118,"128":2255,"129":1411,"130":2325,"131":3207,"132":1398,"133":6164,"134":7922,"135":473,"136":864,"137":953,"138":943,"139":537,"140":962,"141":339,"142":69,"143":679,"144":106,"145":133,"146":1512,"147":694,"148":1512,"149":172,"150":4404,"151":170,"152":2281},"Waste Wood-C":{"0":13528,"1":8619,"2":16997,"3":13969,"4":10070,"5":12611,"6":9155,"7":10079,"8":12520,"9":10755,"10":4645,"11":10016,"12":1230,"13":679,"14":3276,"15":3374,"16":682,"17":880,"18":718,"19":2601,"20":3484,"21":774,"22":1606,"23":681,"24":675,"25":1649,"26":4734,"27":0,"28":1275,"29":0,"30":0,"31":1536,"32":3883,"33":1813,"34":1958,"35":4083,"36":6475,"37":5579,"38":1113,"39":1400,"40":783,"41":6615,"42":4217,"43":4535,"44":1387,"45":297,"46":2052,"47":764,"48":2941,"49":1629,"50":1613,"51":891,"52":3014,"53":1263,"54":20015,"55":14566,"56":35209,"57":20624,"58":71541,"59":35547,"60":30885,"61":44513,"62":114476,"63":10453,"64":5647,"65":12263,"66":5594,"67":8805,"68":7487,"69":5555,"70":12049,"71":9364,"72":12380,"73":4831,"74":4135,"75":3413,"76":5860,"77":5051,"78":4844,"79":3446,"80":5532,"81":5800,"82":17071,"83":5201,"84":2810,"85":11331,"86":6967,"87":17433,"88":9244,"89":2837,"90":151,"91":231,"92":304,"93":2033,"94":221,"95":0,"96":144,"97":0,"98":0,"99":4590,"100":11375,"101":4289,"102":5235,"103":2150,"104":7195,"105":11267,"106":4956,"107":6561,"108":4993,"109":140,"110":2596,"111":63,"112":307,"113":129,"114":2752,"115":2387,"116":142,"117":1153,"118":181,"119":71,"120":631,"121":3,"122":91,"123":82,"124":625,"125":0,"126":33587,"127":21097,"128":36885,"129":10015,"130":37757,"131":32652,"132":9920,"133":25947,"134":22625,"135":4004,"136":1826,"137":3561,"138":3534,"139":3176,"140":3595,"141":56,"142":61,"143":1942,"144":741,"145":2129,"146":859,"147":1427,"148":560,"149":801,"150":871,"151":793,"152":1206},"Textile waste-C":{"0":659,"1":3301,"2":2259,"3":3392,"4":2981,"5":8134,"6":2267,"7":2945,"8":3269,"9":18,"10":581,"11":142,"12":11,"13":591,"14":571,"15":20,"16":592,"17":68,"18":10,"19":141,"20":401,"21":1078,"22":1045,"23":460,"24":474,"25":142,"26":373,"27":779,"28":230,"29":673,"30":782,"31":1207,"32":206,"33":1401,"34":1312,"35":231,"36":1732,"37":2972,"38":224,"39":809,"40":634,"41":926,"42":142,"43":1901,"44":813,"45":78,"46":56,"47":34,"48":2547,"49":504,"50":530,"51":466,"52":1573,"53":1371,"54":2771,"55":2746,"56":2693,"57":8361,"58":6822,"59":2676,"60":967,"61":1896,"62":314,"63":433,"64":651,"65":1260,"66":608,"67":871,"68":1129,"69":317,"70":1353,"71":291,"72":841,"73":858,"74":2671,"75":1235,"76":2121,"77":3956,"78":3231,"79":1199,"80":1258,"81":146,"82":4999,"83":4988,"84":4556,"85":963,"86":1164,"87":7237,"88":291,"89":4421,"90":155,"91":93,"92":368,"93":81,"94":66,"95":3,"96":57,"97":115,"98":124,"99":81,"100":205,"101":461,"102":150,"103":114,"104":396,"105":227,"106":300,"107":415,"108":860,"109":198,"110":53,"111":42,"112":2493,"113":25,"114":742,"115":39,"116":191,"117":11,"118":12,"119":10,"120":169,"121":2,"122":7,"123":8,"124":198,"125":0,"126":6278,"127":4849,"128":5223,"129":12068,"130":10814,"131":10916,"132":11907,"133":1349,"134":1097,"135":0,"136":136,"137":579,"138":1234,"139":882,"140":504,"141":0,"142":0,"143":106,"144":215,"145":560,"146":564,"147":574,"148":328,"149":142,"150":46,"151":144,"152":421},"Electrical waste-C":{"0":25185,"1":4264,"2":3014,"3":4349,"4":3006,"5":2366,"6":3054,"7":3657,"8":5036,"9":1321,"10":1295,"11":1382,"12":796,"13":1035,"14":1226,"15":1209,"16":856,"17":1051,"18":819,"19":1826,"20":1935,"21":5182,"22":4541,"23":2308,"24":2779,"25":5969,"26":1908,"27":501,"28":624,"29":431,"30":603,"31":738,"32":1214,"33":913,"34":843,"35":490,"36":4856,"37":2604,"38":1332,"39":3121,"40":1664,"41":2957,"42":1496,"43":1887,"44":3757,"45":1334,"46":4161,"47":1565,"48":4897,"49":7910,"50":9521,"51":918,"52":2854,"53":7065,"54":4581,"55":8254,"56":6361,"57":5659,"58":6729,"59":5284,"60":2801,"61":4387,"62":3873,"63":1415,"64":8311,"65":2512,"66":10004,"67":1951,"68":2229,"69":10253,"70":4070,"71":2157,"72":2629,"73":3626,"74":3936,"75":1360,"76":2118,"77":4696,"78":4384,"79":1130,"80":2273,"81":328,"82":2331,"83":1617,"84":4396,"85":1214,"86":1881,"87":3212,"88":1192,"89":3652,"90":182,"91":259,"92":263,"93":267,"94":116,"95":271,"96":216,"97":214,"98":178,"99":6736,"100":7249,"101":3236,"102":3358,"103":5089,"104":7460,"105":8726,"106":6351,"107":784,"108":2218,"109":1412,"110":831,"111":253,"112":1244,"113":501,"114":5105,"115":124,"116":1173,"117":266,"118":223,"119":178,"120":56,"121":34,"122":73,"123":213,"124":68,"125":0,"126":15067,"127":5429,"128":3746,"129":3968,"130":7290,"131":5190,"132":4776,"133":2056,"134":2092,"135":708,"136":939,"137":2296,"138":2260,"139":1505,"140":1907,"141":1679,"142":933,"143":787,"144":372,"145":1311,"146":965,"147":1688,"148":564,"149":1971,"150":1752,"151":2373,"152":2020},"Battery-C":{"0":305,"1":149,"2":129,"3":118,"4":132,"5":134,"6":148,"7":161,"8":108,"9":56,"10":46,"11":61,"12":57,"13":5,"14":12,"15":68,"16":4,"17":10,"18":21,"19":61,"20":55,"21":48,"22":209,"23":676,"24":814,"25":385,"26":28,"27":61,"28":97,"29":58,"30":73,"31":45,"32":74,"33":46,"34":41,"35":57,"36":51,"37":86,"38":234,"39":219,"40":51,"41":2760,"42":140,"43":87,"44":264,"45":173,"46":344,"47":151,"48":234,"49":182,"50":219,"51":218,"52":178,"53":342,"54":257,"55":367,"56":857,"57":374,"58":393,"59":712,"60":137,"61":335,"62":159,"63":153,"64":137,"65":147,"66":164,"67":320,"68":148,"69":293,"70":104,"71":287,"72":62,"73":118,"74":120,"75":58,"76":233,"77":128,"78":121,"79":48,"80":73,"81":59,"82":98,"83":77,"84":83,"85":2564,"86":78,"87":123,"88":652,"89":69,"90":13,"91":12,"92":10,"93":35,"94":9,"95":42,"96":32,"97":21,"98":17,"99":72,"100":66,"101":86,"102":297,"103":324,"104":38,"105":79,"106":73,"107":90,"108":28,"109":14,"110":2,"111":10,"112":0,"113":59,"114":19,"115":1,"116":11,"117":7,"118":16,"119":16,"120":13,"121":2,"122":5,"123":11,"124":15,"125":0,"126":164,"127":175,"128":142,"129":91,"130":174,"131":139,"132":109,"133":149,"134":157,"135":8,"136":74,"137":21,"138":21,"139":11,"140":17,"141":202,"142":79,"143":6,"144":108,"145":40,"146":95,"147":61,"148":120,"149":606,"150":218,"151":730,"152":133},"Animal-C":{"0":91419,"1":89603,"2":94194,"3":92046,"4":99030,"5":96069,"6":105106,"7":98345,"8":92395,"9":4503,"10":1539,"11":4515,"12":7480,"13":16095,"14":8503,"15":4952,"16":3996,"17":4978,"18":41310,"19":13089,"20":26477,"21":19956,"22":21812,"23":38799,"24":21541,"25":27922,"26":78136,"27":1418,"28":3040,"29":9301,"30":4034,"31":3079,"32":14755,"33":4400,"34":3035,"35":7170,"36":3131,"37":3967,"38":0,"39":0,"40":0,"41":432,"42":0,"43":1331,"44":0,"45":4296,"46":8652,"47":6701,"48":6472,"49":6197,"50":4808,"51":6993,"52":4204,"53":5235,"54":449152,"55":428508,"56":430929,"57":472450,"58":465230,"59":421902,"60":462395,"61":413249,"62":480290,"63":62314,"64":51197,"65":54526,"66":25557,"67":49629,"68":59119,"69":52720,"70":95845,"71":51192,"72":25607,"73":27200,"74":49360,"75":43156,"76":21375,"77":38706,"78":34191,"79":22506,"80":20858,"81":70792,"82":64083,"83":35000,"84":39696,"85":52175,"86":70675,"87":74512,"88":88836,"89":41173,"90":0,"91":0,"92":0,"93":0,"94":0,"95":0,"96":0,"97":0,"98":0,"99":47276,"100":45929,"101":51994,"102":43208,"103":45756,"104":52319,"105":45501,"106":52015,"107":55537,"108":42829,"109":32961,"110":22447,"111":39566,"112":36739,"113":36670,"114":54262,"115":31026,"116":30772,"117":0,"118":0,"119":0,"120":0,"121":0,"122":0,"123":0,"124":0,"125":0,"126":25286,"127":22319,"128":64337,"129":6888,"130":19882,"131":14988,"132":8509,"133":17323,"134":16071,"135":13728,"136":6287,"137":7284,"138":4879,"139":18226,"140":7365,"141":7767,"142":18626,"143":7895,"144":4671,"145":9046,"146":5177,"147":4812,"148":7402,"149":4788,"150":52953,"151":11503,"152":2312},"Mixed packaging-C":{"0":133157,"1":81932,"2":131749,"3":85646,"4":76354,"5":77415,"6":136141,"7":80176,"8":94281,"9":14095,"10":16236,"11":13781,"12":15838,"13":16343,"14":19142,"15":12360,"16":14560,"17":13765,"18":15880,"19":19801,"20":15333,"21":18950,"22":20067,"23":16225,"24":16990,"25":22676,"26":14770,"27":5097,"28":5082,"29":5078,"30":5277,"31":5495,"32":5046,"33":6288,"34":5748,"35":5052,"36":19696,"37":22352,"38":17258,"39":17502,"40":17595,"41":17679,"42":17802,"43":18780,"44":18582,"45":20985,"46":19894,"47":20915,"48":26313,"49":20882,"50":21066,"51":18008,"52":23634,"53":22562,"54":130925,"55":124407,"56":129526,"57":158751,"58":141409,"59":120590,"60":127713,"61":129674,"62":124162,"63":121537,"64":122723,"65":140324,"66":123505,"67":131049,"68":128170,"69":141179,"70":160183,"71":138062,"72":22398,"73":20135,"74":20542,"75":20101,"76":18471,"77":22389,"78":21217,"79":20298,"80":17886,"81":41815,"82":44216,"83":43424,"84":42150,"85":39796,"86":40158,"87":52925,"88":41120,"89":40546,"90":10418,"91":11320,"92":13102,"93":10129,"94":11776,"95":10320,"96":9985,"97":10798,"98":10604,"99":23194,"100":22255,"101":21437,"102":21853,"103":22893,"104":25930,"105":22123,"106":22186,"107":22144,"108":31911,"109":18842,"110":23867,"111":13960,"112":20774,"113":14427,"114":35189,"115":23696,"116":14643,"117":4717,"118":4989,"119":5507,"120":4659,"121":4705,"122":4708,"123":4780,"124":4688,"125":4760,"126":33942,"127":32028,"128":47662,"129":36020,"130":43283,"131":39679,"132":38244,"133":30848,"134":31046,"135":10867,"136":10016,"137":10476,"138":12696,"139":11443,"140":9984,"141":10284,"142":10332,"143":9944,"144":12401,"145":18170,"146":14860,"147":16144,"148":15688,"149":12795,"150":13236,"151":13466,"152":13506},"Sludge-C":{"0":18992,"1":0,"2":12325,"3":0,"4":0,"5":0,"6":12181,"7":0,"8":0,"9":59,"10":0,"11":34,"12":0,"13":0,"14":0,"15":0,"16":0,"17":0,"18":0,"19":8258,"20":5798,"21":0,"22":0,"23":0,"24":0,"25":0,"26":7073,"27":0,"28":0,"29":0,"30":0,"31":0,"32":0,"33":0,"34":0,"35":0,"36":0,"37":0,"38":83,"39":0,"40":7,"41":0,"42":145,"43":0,"44":0,"45":4757,"46":6098,"47":5314,"48":0,"49":0,"50":0,"51":0,"52":0,"53":0,"54":0,"55":0,"56":0,"57":0,"58":0,"59":0,"60":6012,"61":726,"62":5807,"63":0,"64":0,"65":0,"66":0,"67":0,"68":0,"69":0,"70":0,"71":509,"72":698,"73":2245,"74":0,"75":0,"76":0,"77":0,"78":0,"79":0,"80":508,"81":1852,"82":0,"83":0,"84":0,"85":0,"86":0,"87":0,"88":949,"89":0,"90":0,"91":0,"92":0,"93":0,"94":0,"95":0,"96":0,"97":0,"98":0,"99":0,"100":0,"101":28,"102":0,"103":0,"104":0,"105":0,"106":41,"107":21,"108":0,"109":0,"110":0,"111":0,"112":0,"113":1572,"114":0,"115":0,"116":0,"117":0,"118":0,"119":0,"120":0,"121":0,"122":0,"123":0,"124":0,"125":0,"126":0,"127":80,"128":0,"129":0,"130":0,"131":0,"132":0,"133":0,"134":668,"135":0,"136":0,"137":0,"138":0,"139":0,"140":0,"141":0,"142":0,"143":0,"144":0,"145":0,"146":0,"147":0,"148":4,"149":0,"150":1,"151":0,"152":0},"Construction-C":{"0":56816,"1":61285,"2":102004,"3":110367,"4":104686,"5":121090,"6":141142,"7":104780,"8":81204,"9":30534,"10":36838,"11":29211,"12":1852,"13":32571,"14":69649,"15":1547,"16":32734,"17":29556,"18":8872,"19":25407,"20":20521,"21":24239,"22":28244,"23":9568,"24":9477,"25":34114,"26":24592,"27":18740,"28":21657,"29":17138,"30":18562,"31":20053,"32":33946,"33":21622,"34":20774,"35":21573,"36":4874,"37":8013,"38":31723,"39":4754,"40":4835,"41":4121,"42":7298,"43":3439,"44":4709,"45":113127,"46":108792,"47":64644,"48":14229,"49":11102,"50":10996,"51":7912,"52":17755,"53":18309,"54":42330,"55":45725,"56":87722,"57":68847,"58":102248,"59":88563,"60":56681,"61":76102,"62":43799,"63":14498,"64":17240,"65":15965,"66":17076,"67":13448,"68":25022,"69":16930,"70":17914,"71":37222,"72":7837,"73":462,"74":28,"75":3,"76":3,"77":674,"78":0,"79":3,"80":7296,"81":44919,"82":72359,"83":36085,"84":38457,"85":65539,"86":21457,"87":78893,"88":47837,"89":38826,"90":274,"91":10006,"92":633,"93":3527,"94":9972,"95":0,"96":1444,"97":25929,"98":26178,"99":7754,"100":12619,"101":8448,"102":9369,"103":6996,"104":5652,"105":12499,"106":10122,"107":6731,"108":14417,"109":11049,"110":1968,"111":80620,"112":4901,"113":511,"114":19402,"115":2432,"116":11155,"117":0,"118":103,"119":144,"120":39,"121":20,"122":47,"123":8360,"124":39,"125":0,"126":41650,"127":45125,"128":35532,"129":22623,"130":36071,"131":20334,"132":22408,"133":51217,"134":42783,"135":9315,"136":20357,"137":22320,"138":12409,"139":16007,"140":22534,"141":19839,"142":10217,"143":16924,"144":1793,"145":3612,"146":2587,"147":1849,"148":2142,"149":12079,"150":472,"151":11965,"152":3496},"Others-C":{"0":7729,"1":32272,"2":6351,"3":146,"4":553,"5":51452,"6":724,"7":554,"8":374,"9":64,"10":3,"11":65,"12":0,"13":23,"14":2,"15":23324,"16":23,"17":12,"18":4782,"19":11662,"20":3912,"21":3597,"22":216,"23":1063,"24":1053,"25":138,"26":4367,"27":90,"28":779,"29":589,"30":89,"31":2,"32":860,"33":84,"34":71,"35":262,"36":26,"37":27,"38":1525,"39":745,"40":73,"41":13877,"42":1103,"43":28,"44":738,"45":587,"46":1789,"47":282,"48":371,"49":1991,"50":1972,"51":44822,"52":455,"53":1,"54":158,"55":3109,"56":19663,"57":215,"58":355,"59":19852,"60":623,"61":10537,"62":22793,"63":509,"64":0,"65":160,"66":0,"67":865,"68":108,"69":17379,"70":108,"71":832,"72":32,"73":10661,"74":0,"75":21780,"76":5564,"77":60,"78":12,"79":21989,"80":40,"81":365,"82":88,"83":14,"84":6135,"85":2142,"86":1557,"87":327,"88":4484,"89":6194,"90":23,"91":0,"92":6,"93":17,"94":4,"95":6,"96":29,"97":421,"98":425,"99":53,"100":339,"101":1373,"102":2504,"103":4029,"104":75,"105":336,"106":271,"107":6305,"108":19,"109":523,"110":32,"111":34,"112":840,"113":7298,"114":19,"115":18,"116":528,"117":1,"118":6,"119":4,"120":10,"121":1,"122":18,"123":7,"124":10,"125":0,"126":2152,"127":2867,"128":22,"129":3459,"130":66,"131":216,"132":3426,"133":883,"134":7270,"135":36,"136":1105,"137":434,"138":44,"139":29,"140":438,"141":1375,"142":827,"143":339,"144":2887,"145":15,"146":81,"147":12,"148":123,"149":754,"150":8708,"151":747,"152":675},"Total mixed waste-C":{"0":4369010,"1":3907576,"2":4234563,"3":3874869,"4":3689673,"5":4007588,"6":3948338,"7":3734660,"8":3908893,"9":464169,"10":473414,"11":492267,"12":458616,"13":457726,"14":499653,"15":493445,"16":452101,"17":451665,"18":1072168,"19":1250983,"20":1162173,"21":1096600,"22":1145477,"23":1127565,"24":1144978,"25":1154154,"26":1181424,"27":255448,"28":263179,"29":253660,"30":260450,"31":264089,"32":268118,"33":270175,"34":261644,"35":274212,"36":832566,"37":859531,"38":1000201,"39":809471,"40":839888,"41":806659,"42":1021916,"43":881455,"44":862862,"45":997147,"46":921961,"47":935962,"48":932547,"49":929457,"50":931233,"51":852844,"52":927203,"53":918165,"54":2440229,"55":2582231,"56":2377337,"57":2333741,"58":2456616,"59":2502871,"60":2626184,"61":2418067,"62":2519338,"63":1948319,"64":2029663,"65":2203991,"66":1979512,"67":1999711,"68":2077644,"69":2175552,"70":2023858,"71":2093104,"72":189858,"73":196344,"74":165385,"75":161588,"76":179792,"77":173404,"78":172757,"79":164832,"80":184127,"81":1896795,"82":2084831,"83":1937324,"84":1910187,"85":1827633,"86":1857388,"87":2151275,"88":1928610,"89":1887879,"90":395278,"91":416117,"92":449254,"93":457343,"94":438588,"95":508235,"96":434199,"97":409772,"98":408654,"99":950698,"100":938708,"101":940162,"102":915665,"103":945835,"104":953903,"105":940480,"106":1005001,"107":1025479,"108":686152,"109":766736,"110":659799,"111":607197,"112":698764,"113":696932,"114":737515,"115":739478,"116":613687,"117":112685,"118":108535,"119":111116,"120":105537,"121":111728,"122":105829,"123":107762,"124":106096,"125":110515,"126":801449,"127":780061,"128":634347,"129":571480,"130":571011,"131":670781,"132":668201,"133":691950,"134":718303,"135":397924,"136":403450,"137":404159,"138":403909,"139":392813,"140":394374,"141":450798,"142":434792,"143":389570,"144":610135,"145":647480,"146":624223,"147":653935,"148":582856,"149":607734,"150":727464,"151":600715,"152":579415},"Total separately waste-C (tn)":{"0":605939,"1":488015,"2":574851,"3":510528,"4":481568,"5":555306,"6":624371,"7":503256,"8":518363,"9":113536,"10":106325,"11":116986,"12":70424,"13":107822,"14":150805,"15":108794,"16":92990,"17":96726,"18":132653,"19":188999,"20":148058,"21":148502,"22":149992,"23":132153,"24":119117,"25":177033,"26":207471,"27":47111,"28":57703,"29":54282,"30":50366,"31":48838,"32":88166,"33":58693,"34":49233,"35":67751,"36":105504,"37":107747,"38":130662,"39":76125,"40":80471,"41":97075,"42":97066,"43":89445,"44":75897,"45":251790,"46":260253,"47":199211,"48":153017,"49":136016,"50":136311,"51":166033,"52":148242,"53":146783,"54":1099049,"55":1051240,"56":1177821,"57":1137453,"58":1282752,"59":1136925,"60":1300671,"61":1212615,"62":1479495,"63":390998,"64":375321,"65":419524,"66":349317,"67":416686,"68":394312,"69":529660,"70":519173,"71":479813,"72":122047,"73":120800,"74":124270,"75":134680,"76":98710,"77":120625,"78":111113,"79":111958,"80":105650,"81":324998,"82":349918,"83":272449,"84":277192,"85":313975,"86":291574,"87":393599,"88":376205,"89":278717,"90":54370,"91":69949,"92":59562,"93":40679,"94":61882,"95":57601,"96":53096,"97":88226,"98":86377,"99":168301,"100":200492,"101":167444,"102":167134,"103":164769,"104":184342,"105":202545,"106":173526,"107":192354,"108":182323,"109":137739,"110":123891,"111":202247,"112":147364,"113":109410,"114":220972,"115":109618,"116":130430,"117":21838,"118":22188,"119":23005,"120":19758,"121":18237,"122":18773,"123":30323,"124":20815,"125":19283,"126":345133,"127":318831,"128":406248,"129":275201,"130":358427,"131":316442,"132":277954,"133":356809,"134":357750,"135":140021,"136":131819,"137":138124,"138":97024,"139":138698,"140":130504,"141":166909,"142":142598,"143":130662,"144":53090,"145":82474,"146":69291,"147":71074,"148":59726,"149":69159,"150":180039,"151":79349,"152":66929},"Total Waste-C":{"0":4974949,"1":4395591,"2":4809414,"3":4385397,"4":4171241,"5":4562894,"6":4572709,"7":4237916,"8":4427256,"9":577705,"10":579739,"11":609253,"12":529040,"13":565548,"14":650458,"15":602239,"16":545091,"17":548391,"18":1204821,"19":1439982,"20":1310231,"21":1245102,"22":1295469,"23":1259718,"24":1264095,"25":1331187,"26":1388895,"27":302559,"28":320882,"29":307942,"30":310816,"31":312927,"32":356284,"33":328868,"34":310877,"35":341963,"36":938070,"37":967278,"38":1130863,"39":885596,"40":920359,"41":903734,"42":1118982,"43":970900,"44":938759,"45":1248937,"46":1182214,"47":1135173,"48":1085564,"49":1065473,"50":1067544,"51":1018877,"52":1075445,"53":1064948,"54":3539278,"55":3633471,"56":3555158,"57":3471194,"58":3739368,"59":3639796,"60":3926855,"61":3630682,"62":3998833,"63":2339317,"64":2404984,"65":2623515,"66":2328829,"67":2416397,"68":2471956,"69":2705212,"70":2543031,"71":2572917,"72":311905,"73":317144,"74":289655,"75":296268,"76":278502,"77":294029,"78":283870,"79":276790,"80":289777,"81":2221793,"82":2434749,"83":2209773,"84":2187379,"85":2141608,"86":2148962,"87":2544874,"88":2304815,"89":2166596,"90":449648,"91":486066,"92":508816,"93":498022,"94":500470,"95":565836,"96":487295,"97":497998,"98":495031,"99":1118999,"100":1139200,"101":1107606,"102":1082799,"103":1110604,"104":1138245,"105":1143025,"106":1178527,"107":1217833,"108":868475,"109":904475,"110":783690,"111":809444,"112":846128,"113":806342,"114":958487,"115":849096,"116":744117,"117":134523,"118":130723,"119":134121,"120":125295,"121":129965,"122":124602,"123":138085,"124":126911,"125":129798,"126":1146582,"127":1098892,"128":1040595,"129":846681,"130":929438,"131":987223,"132":946155,"133":1048759,"134":1076053,"135":537945,"136":535269,"137":542283,"138":500933,"139":531511,"140":524878,"141":617707,"142":577390,"143":520232,"144":663225,"145":729954,"146":693514,"147":725009,"148":642582,"149":676893,"150":907503,"151":680064,"152":646344},"Recycling collection-D":{"0":362002.125,"1":412.818,"2":357865.5,"3":386538.0,"4":341319.0,"5":374412.0,"6":366138.75,"7":407505.0,"8":412818.0,"9":71837.25,"10":80778.0,"11":72796.375,"12":82.418,"13":77592.0,"14":82418.0,"15":72316.8125,"16":69919.0,"17":73755.5,"18":112319.0,"19":107615.75,"20":106048.0,"21":140.174,"22":133053.0,"23":99777.0,"24":124861.0,"25":140174.0,"26":109183.5,"27":35995.0,"28":35180.75,"29":34366.5,"30":32738.0,"31":38.043,"32":34977.1875,"33":38043.0,"34":30843.0,"35":34773.625,"36":104393.0,"37":92194.0,"38":88149.5,"39":84847.0,"40":87489.0,"41":90131.0,"42":88810.0,"43":92.194,"44":95415.0,"45":146401.75,"46":145514.125,"47":144626.5,"48":151641.0,"49":141076.0,"50":155278.0,"51":148177.0,"52":160944.0,"53":151.641,"54":678.878,"55":753545.0,"56":811069.0,"57":678878.0,"58":877728.0,"59":696021.0,"60":739164.0,"61":724783.0,"62":731973.5,"63":319314.5,"64":309128.0,"65":358196.0,"66":329501.0,"67":314221.25,"68":396.446,"69":315494.5625,"70":396446.0,"71":316767.875,"72":68557.75,"73":68356.125,"74":71.919,"75":70574.0,"76":68961.0,"77":71919.0,"78":69583.0,"79":67348.0,"80":68154.5,"81":262062.125,"82":273613.0,"83":279.764,"84":277859.0,"85":265221.5,"86":258902.75,"87":279764.0,"88":260482.4375,"89":252584.0,"90":72934.0,"91":70.385,"92":70385.0,"93":72772.75,"94":66513.0,"95":72692.125,"96":72611.5,"97":73579.0,"98":72289.0,"99":130046.0,"100":118237.0,"101":121482.75,"102":124728.5,"103":133.513,"104":133513.0,"105":131220.0,"106":123105.625,"107":122294.1875,"108":143799.0,"109":125820.0,"110":110635.5,"111":115697.0,"112":153.149,"113":111900.875,"114":153149.0,"115":113166.25,"116":105574.0,"117":26159.3125,"118":28676.0,"119":27969.0,"120":24629.0,"121":27077.5,"122":25853.25,"123":27.969,"124":29526.0,"125":26465.375,"126":285926.0,"127":279151.0,"128":313910.0,"129":272376.0,"130":313046.0,"131":313.91,"132":299476.0,"133":282538.5,"134":280844.75,"135":83.728,"136":122629.25,"137":145502.0,"138":83728.0,"139":124207.0,"140":115005.0,"141":124535.3125,"142":126441.375,"143":130253.5,"144":69800.5,"145":82964.0,"146":82.964,"147":81408.0,"148":65812.75,"149":61825.0,"150":66809.6875,"151":77776.0,"152":67806.625},"Mixed Recovered Mater-D":{"0":146473.125,"1":166.217,"2":144930.5,"3":135538.0,"4":138760.0,"5":151101.0,"6":148015.75,"7":163442.0,"8":166217.0,"9":14039.25,"10":10387.0,"11":13494.875,"12":10.209,"13":10773.0,"14":10209.0,"15":13767.0625,"16":15128.0,"17":12950.5,"18":27429.0,"19":23783.25,"20":22568.0,"21":58.936,"22":55610.0,"23":17707.0,"24":37151.0,"25":58936.0,"26":24998.5,"27":14570.0,"28":14187.25,"29":13804.5,"30":13039.0,"31":14.533,"32":14091.5625,"33":14533.0,"34":12499.0,"35":13995.875,"36":39527.0,"37":34122.0,"38":31902.6875,"39":29143.0,"40":31350.75,"41":33558.5,"42":32454.625,"43":34.122,"44":37974.0,"45":34356.75,"46":34435.625,"47":34514.5,"48":32816.0,"49":34830.0,"50":33568.0,"51":34199.0,"52":34861.0,"53":32.816,"54":206.755,"55":122342.0,"56":141528.0,"57":206755.0,"58":138251.0,"59":103156.0,"60":117545.5,"61":112749.0,"62":115147.25,"63":44861.0,"64":45437.0,"65":42946.0,"66":44285.0,"67":45149.0,"68":40.744,"69":45077.0,"70":40744.0,"71":45005.0,"72":853.75,"73":836.625,"74":1.061,"75":1025.0,"76":888.0,"77":1061.0,"78":989.0,"79":751.0,"80":819.5,"81":110005.0,"82":117653.0,"83":128.774,"84":106560.0,"85":109316.0,"86":110694.0,"87":128774.0,"88":110349.5,"89":112072.0,"90":15117.5,"91":14.238,"92":14238.0,"93":15139.625,"94":14800.0,"95":15150.6875,"96":15161.75,"97":15029.0,"98":15206.0,"99":23518.0,"100":27842.0,"101":28010.5,"102":28179.0,"103":30.02,"104":30020.0,"105":28516.0,"106":28094.75,"107":28052.625,"108":48.0,"109":259.0,"110":213.25,"111":228.5,"112":1.938,"113":217.0625,"114":1938.0,"115":220.875,"116":198.0,"117":5298.125,"118":4606.0,"119":4537.0,"120":5225.0,"121":5342.0,"122":5283.5,"123":4.537,"124":5459.0,"125":5312.75,"126":16878.0,"127":19583.5,"128":13512.0,"129":22289.0,"130":8959.0,"131":13.512,"132":11467.0,"133":18230.75,"134":18907.125,"135":0.0,"136":0.0,"137":0.0,"138":0.0,"139":0.0,"140":0.0,"141":0.0,"142":0.0,"143":0.0,"144":17241.5,"145":26423.0,"146":26.423,"147":19962.0,"148":15186.75,"149":13132.0,"150":15700.4375,"151":21351.0,"152":16214.125},"Composting\/anaerobic digestion FORS-D":{"0":37339.1875,"1":45.572,"2":37219.75,"3":37991.0,"4":36742.0,"5":37697.5,"6":37458.625,"7":38653.0,"8":45572.0,"9":0.0,"10":107.0,"11":0.0,"12":212.0,"13":0.0,"14":212000.0,"15":0.0,"16":0.0,"17":0.0,"18":2019.5,"19":1877.9375,"20":1830.75,"21":1.248,"22":1970.0,"23":1642.0,"24":2397.0,"25":1248.0,"26":1925.125,"27":0.0,"28":0.0,"29":0.0,"30":0.0,"31":0.0,"32":0.0,"33":0.0,"34":0.0,"35":0.0,"36":0.0,"37":0.0,"38":0.0,"39":0.0,"40":0.0,"41":0.0,"42":0.0,"43":0.0,"44":0.0,"45":0.0,"46":0.0,"47":0.0,"48":233000.0,"49":0.0,"50":0.0,"51":0.0,"52":0.0,"53":233.0,"54":302.759,"55":351065.0,"56":338584.0,"57":302759.0,"58":336438.0,"59":363546.0,"60":354185.25,"61":357305.5,"62":355745.375,"63":17690.0,"64":13232.0,"65":17995.0,"66":22148.0,"67":15461.0,"68":17.554,"69":16018.25,"70":17554.0,"71":16575.5,"72":27186.0,"73":25486.5,"74":31.904,"75":44181.0,"76":30585.0,"77":31904.0,"78":30865.0,"79":16989.0,"80":23787.0,"81":0.0,"82":0.0,"83":0.0,"84":0.0,"85":0.0,"86":0.0,"87":0.0,"88":0.0,"89":0.0,"90":0.0,"91":0.0,"92":0.0,"93":0.0,"94":0.0,"95":0.0,"96":0.0,"97":0.0,"98":0.0,"99":8246.0,"100":8830.0,"101":8648.25,"102":8466.5,"103":7.482,"104":7482.0,"105":8103.0,"106":8557.375,"107":8602.8125,"108":29992.0,"109":25542.0,"110":24697.5,"111":24979.0,"112":36.774,"113":24767.875,"114":36774.0,"115":24838.25,"116":24416.0,"117":0.0,"118":0.0,"119":0.0,"120":0.0,"121":0.0,"122":0.0,"123":0.0,"124":0.0,"125":0.0,"126":10323.0,"127":8395.5,"128":58416.0,"129":6468.0,"130":19641.0,"131":58.416,"132":14178.0,"133":9359.25,"134":8877.375,"135":2.481,"136":15969.75,"137":12009.0,"138":2481.0,"139":15582.0,"140":17290.0,"141":15639.6875,"142":15309.625,"143":14649.5,"144":1751.5,"145":0.0,"146":0.0,"147":0.0,"148":875.75,"149":0.0,"150":1094.6875,"151":3503.0,"152":1313.625},"Composting\/anaerobic digestion-D":{"0":625062.6875,"1":685.734,"2":620111.75,"3":700793.0,"4":600308.0,"5":639915.5,"6":630013.625,"7":679523.0,"8":685734.0,"9":66158.0,"10":75285.0,"11":65801.5,"12":79.834,"13":64019.0,"14":79834.0,"15":65979.75,"16":66871.0,"17":65445.0,"18":69300.0,"19":64472.625,"20":62863.5,"21":176.59,"22":197289.0,"23":56427.0,"24":82173.0,"25":176590.0,"26":66081.75,"27":49451.0,"28":49946.5,"29":50442.0,"30":51433.0,"31":31.386,"32":50070.375,"33":31386.0,"34":54241.0,"35":50194.25,"36":221085.0,"37":245494.0,"38":175882.6875,"39":175318.0,"40":175769.75,"41":176221.5,"42":175995.625,"43":245.494,"44":177125.0,"45":207471.875,"46":207997.5625,"47":208523.25,"48":180466.0,"49":210626.0,"50":202215.0,"51":206420.5,"52":194212.0,"53":180.466,"54":541.664,"55":428507.0,"56":550009.0,"57":541664.0,"58":667771.0,"59":307005.0,"60":398131.5,"61":367756.0,"62":382943.75,"63":34376.0,"64":43405.0,"65":28537.0,"66":25347.0,"67":38890.5,"68":64.301,"69":37761.875,"70":64301.0,"71":36633.25,"72":31797.375,"73":31916.3125,"74":25.992,"75":30608.0,"76":31559.5,"77":25992.0,"78":33554.0,"79":32511.0,"80":32035.25,"81":632230.875,"82":845290.0,"83":822.011,"84":558239.0,"85":617432.5,"86":647029.25,"87":822011.0,"88":639630.0625,"89":676626.0,"90":107601.5,"91":145.852,"92":145852.0,"93":106799.125,"94":121845.0,"95":106397.9375,"96":105996.75,"97":110811.0,"98":104392.0,"99":54873.0,"100":57645.0,"101":56980.5,"102":56316.0,"103":54.458,"104":54458.0,"105":54987.0,"106":56648.25,"107":56814.375,"108":16179.0,"109":31324.0,"110":21751.0,"111":24942.0,"112":16.69,"113":22548.75,"114":16690.0,"115":23346.5,"116":18560.0,"117":38437.625,"118":27284.0,"119":31081.0,"120":39857.0,"121":37586.0,"122":38721.5,"123":31.081,"124":35315.0,"125":38153.75,"126":40974.0,"127":34167.5,"128":58327.0,"129":27361.0,"130":39183.0,"131":58.327,"132":54587.0,"133":37570.75,"134":35869.125,"135":0.0,"136":0.0,"137":0.0,"138":0.0,"139":0.0,"140":0.0,"141":0.0,"142":0.0,"143":0.0,"144":115894.5,"145":125286.0,"146":125.286,"147":141790.0,"148":107281.75,"149":98669.0,"150":109434.9375,"151":133120.0,"152":111588.125},"Incinerated-D":{"0":0.0,"1":0.0,"2":0.0,"3":0.0,"4":0.0,"5":0.0,"6":0.0,"7":0.0,"8":0.0,"9":0.0,"10":0.0,"11":0.0,"12":0.0,"13":0.0,"14":0.0,"15":0.0,"16":0.0,"17":0.0,"18":0.0,"19":0.0,"20":0.0,"21":0.0,"22":0.0,"23":0.0,"24":0.0,"25":0.0,"26":0.0,"27":120766.0,"28":119962.75,"29":119159.5,"30":117553.0,"31":118.759,"32":119761.9375,"33":118759.0,"34":118263.0,"35":119561.125,"36":0.0,"37":0.0,"38":0.0,"39":0.0,"40":0.0,"41":0.0,"42":0.0,"43":0.0,"44":0.0,"45":0.0,"46":0.0,"47":0.0,"48":0.0,"49":0.0,"50":0.0,"51":0.0,"52":0.0,"53":0.0,"54":640.652,"55":673419.0,"56":638502.0,"57":640652.0,"58":668133.0,"59":708336.0,"60":682148.25,"61":690877.5,"62":686512.875,"63":398939.0,"64":349946.0,"65":655762.0,"66":447932.0,"67":374442.5,"68":480.769,"69":380566.625,"70":480769.0,"71":386690.75,"72":0.0,"73":0.0,"74":0.0,"75":0.0,"76":0.0,"77":0.0,"78":0.0,"79":0.0,"80":0.0,"81":3718.5,"82":2795.0,"83":0.0,"84":9916.0,"85":4958.0,"86":2479.0,"87":0.0,"88":3098.75,"89":0.0,"90":0.0,"91":0.0,"92":0.0,"93":0.0,"94":0.0,"95":0.0,"96":0.0,"97":0.0,"98":0.0,"99":549447.0,"100":546732.0,"101":543173.25,"102":539614.5,"103":533.699,"104":533699.0,"105":532497.0,"106":541393.875,"107":542283.5625,"108":499431.0,"109":535595.0,"110":474395.75,"111":494795.5,"112":505.886,"113":479495.6875,"114":505886.0,"115":484595.625,"116":453996.0,"117":0.0,"118":0.0,"119":0.0,"120":0.0,"121":0.0,"122":0.0,"123":0.0,"124":0.0,"125":0.0,"126":249670.0,"127":243831.0,"128":260251.0,"129":237992.0,"130":272237.0,"131":260.251,"132":261348.0,"133":246750.5,"134":245290.75,"135":0.0,"136":0.0,"137":0.0,"138":0.0,"139":0.0,"140":0.0,"141":0.0,"142":0.0,"143":0.0,"144":862.5,"145":0.0,"146":0.0,"147":0.0,"148":431.25,"149":0.0,"150":539.0625,"151":1725.0,"152":646.875},"Landfill of rejects":{"0":2308242.875,"1":2404796.0,"2":2314553.5,"3":2172227.0,"4":2339796.0,"5":2289311.0,"6":2301932.25,"7":2238826.0,"8":2404796.0,"9":165098.75,"10":165486.0,"11":167626.625,"12":172831.0,"13":180266.0,"14":172831.0,"15":166362.6875,"16":160043.0,"17":170154.5,"18":476847.0,"19":434767.875,"20":420741.5,"21":820742.0,"22":716994.0,"23":364636.0,"24":589058.0,"25":820742.0,"26":448794.25,"27":36282.0,"28":38229.5,"29":40177.0,"30":44072.0,"31":67971.0,"32":38716.375,"33":67971.0,"34":43530.0,"35":39203.25,"36":466050.0,"37":523249.0,"38":408784.5625,"39":399668.0,"40":406961.25,"41":414254.5,"42":410607.875,"43":523249.0,"44":428841.0,"45":685560.25,"46":685415.875,"47":685271.5,"48":712931.0,"49":684694.0,"50":687004.0,"51":685849.0,"52":686829.0,"53":712931.0,"54":653551.0,"55":587483.5,"56":505202.0,"57":653551.0,"58":534832.0,"59":669765.0,"60":608053.875,"61":628624.25,"62":618339.0625,"63":582016.5,"64":622428.0,"65":492036.0,"66":541605.0,"67":602222.25,"68":507402.0,"69":597170.8125,"70":507402.0,"71":592119.375,"72":48469.75,"73":48120.125,"74":56.713,"75":51966.0,"76":49169.0,"77":56713.0,"78":48947.0,"79":46372.0,"80":47770.5,"81":1161034.0,"82":1137355.0,"83":1200792.0,"84":1238984.0,"85":1176624.0,"86":1145444.0,"87":1200792.0,"88":1153239.0,"89":1114264.0,"90":275248.0,"91":250727.0,"92":250727.0,"93":273861.5,"94":258471.0,"95":273168.25,"96":272475.0,"97":280794.0,"98":269702.0,"99":151123.0,"100":153728.0,"101":153301.25,"102":152874.5,"103":175722.0,"104":175722.0,"105":152021.0,"106":153087.875,"107":153194.5625,"108":39216.0,"109":15588.0,"110":23703.75,"111":20998.5,"112":37932.0,"113":23027.4375,"114":37932.0,"115":22351.125,"116":26409.0,"117":63157.5,"118":77184.0,"119":74533.0,"120":61255.0,"121":64299.0,"122":62777.0,"123":74533.0,"124":67343.0,"125":63538.0,"126":87493.5,"127":84369.25,"128":173229.0,"129":81245.0,"130":83766.0,"131":173.229,"132":93742.0,"133":85931.375,"134":85150.3125,"135":4908.0,"136":4353.0,"137":4287.0,"138":4908.0,"139":5366.0,"140":4375.0,"141":4347.5,"142":4342.0,"143":4331.0,"144":471407.0,"145":484148.0,"146":484148.0,"147":492496.0,"148":478552.0,"149":485697.0,"150":476765.75,"151":457117.0,"152":474979.5},"Landfill without pre-treatment-D":{"0":486450.6875,"1":59965.0,"2":479534.75,"3":588749.0,"4":451871.0,"5":507198.5,"6":493366.625,"7":562526.0,"8":599650.0,"9":211552.75,"10":225594.0,"11":211820.125,"12":226741.0,"13":213157.0,"14":226741.0,"15":211686.4375,"16":211018.0,"17":212087.5,"18":527601.0,"19":577822.875,"20":594563.5,"21":113704.0,"22":186790.0,"23":661526.0,"24":393676.0,"25":113704.0,"26":561082.25,"27":17056.0,"28":17939.75,"29":18823.5,"30":20591.0,"31":21733.0,"32":18160.6875,"33":21733.0,"34":18114.0,"35":18381.625,"36":88614.0,"37":62220.0,"38":171739.4375,"39":176256.0,"40":172642.75,"41":169029.5,"42":170836.125,"43":6222.0,"44":161803.0,"45":2360.0,"46":2470.0,"47":2580.0,"48":9519.0,"49":3020.0,"50":1260.0,"51":2140.0,"52":72.0,"53":9519.0,"54":417697.0,"55":686836.5,"56":576972.0,"57":417697.0,"58":486352.0,"59":796701.0,"60":714302.625,"61":741768.75,"62":728035.6875,"63":1036101.5,"64":1000357.0,"65":1063770.0,"66":1071846.0,"67":1018229.25,"68":1075348.0,"69":1022697.3125,"70":1075348.0,"71":1027165.375,"72":92971.625,"73":93592.6875,"74":87.536,"75":86761.0,"76":91729.5,"77":87536.0,"78":88492.0,"79":96698.0,"80":94213.75,"81":385.0,"82":0.0,"83":0.0,"84":0.0,"85":308.0,"86":462.0,"87":0.0,"88":423.5,"89":616.0,"90":11143.5,"91":22502.0,"92":22502.0,"93":13929.375,"94":38385.0,"95":15322.3125,"96":16715.25,"97":0.0,"98":22287.0,"99":216457.0,"100":189411.0,"101":196750.0,"102":204089.0,"103":209868.0,"104":209868.0,"105":218767.0,"106":200419.5,"107":198584.75,"108":140144.0,"109":131818.0,"110":114901.75,"111":120540.5,"112":143927.0,"113":116311.4375,"114":143927.0,"115":117721.125,"116":109263.0,"117":0.0,"118":0.0,"119":0.0,"120":0.0,"121":0.0,"122":0.0,"123":0.0,"124":0.0,"125":0.0,"126":220660.0,"127":214677.0,"128":126890.0,"129":208694.0,"130":163014.0,"131":126.89,"132":232626.0,"133":217668.5,"134":216172.75,"135":390873.0,"136":383264.5,"137":397120.0,"138":390873.0,"139":386960.0,"140":378646.0,"141":384419.125,"142":385573.75,"143":387883.0,"144":11464.5,"145":23251.0,"146":23251.0,"147":0.0,"148":11066.75,"149":10669.0,"150":11166.1875,"151":12260.0,"152":11265.625},"Total Waste disposal (tn)-D":{"0":3965570.6875,"1":4314787.0,"2":3954215.75,"3":4021836.0,"4":3908796.0,"5":3999635.5,"6":3976925.625,"7":4090475.0,"8":4314787.0,"9":528685.25,"10":557637.0,"11":531538.875,"12":572245.0,"13":545807.0,"14":572245.0,"15":530112.0625,"16":522978.0,"17":534392.5,"18":1215515.5,"19":1210340.3125,"20":1208615.25,"21":1311394.0,"22":1291705.0,"23":1201715.0,"24":1229316.0,"25":1311394.0,"26":1212065.375,"27":274120.0,"28":275446.5,"29":276773.0,"30":279426.0,"31":292425.0,"32":275778.125,"33":292425.0,"34":277491.0,"35":276109.75,"36":919669.0,"37":957279.0,"38":876459.5625,"39":865233.0,"40":874214.25,"41":883195.5,"42":878704.875,"43":957279.0,"44":901158.0,"45":1076150.625,"46":1075833.1875,"47":1075515.75,"48":1087606.0,"49":1074246.0,"50":1079325.0,"51":1076785.5,"52":1076917.0,"53":1087606.0,"54":3441955.0,"55":3603197.5,"56":3561865.0,"57":3441955.0,"58":3709505.0,"59":3644530.0,"60":3613530.625,"61":3623863.75,"62":3618697.1875,"63":2433298.5,"64":2383933.0,"65":2659241.0,"66":2482664.0,"67":2408615.75,"68":2582564.0,"69":2414786.4375,"70":2582564.0,"71":2420957.125,"72":269836.25,"73":268308.375,"74":275.126,"75":285115.0,"76":272892.0,"77":275126.0,"78":272430.0,"79":260669.0,"80":266780.5,"81":2169435.5,"82":2376705.0,"83":2431341.0,"84":2191558.0,"85":2173860.0,"86":2165011.0,"87":2431341.0,"88":2167223.25,"89":2156162.0,"90":482044.5,"91":503704.0,"92":503704.0,"93":482502.375,"94":500013.0,"95":482731.3125,"96":482960.25,"97":480213.0,"98":483876.0,"99":1133711.0,"100":1102425.0,"101":1108346.25,"102":1114267.5,"103":1144762.0,"104":1144762.0,"105":1126110.0,"106":1111306.875,"107":1109826.5625,"108":868808.0,"109":865946.0,"110":770298.5,"111":802181.0,"112":896296.0,"113":778269.125,"114":896296.0,"115":786239.75,"116":738416.0,"117":133052.5625,"118":137748.0,"119":138120.0,"120":130966.0,"121":134304.5,"122":132635.25,"123":13812.0,"124":137643.0,"125":133469.875,"126":911924.5,"127":884174.75,"128":1004534.0,"129":856425.0,"130":899847.0,"131":1004534.0,"132":967424.0,"133":898049.625,"134":891112.1875,"135":48199.0,"136":526216.0,"137":558919.0,"138":481990.0,"139":532115.0,"140":515315.0,"141":528941.25,"142":531666.5,"143":537117.0,"144":688422.0,"145":742072.0,"146":742072.0,"147":735655.0,"148":679206.5,"149":669991.0,"150":681510.375,"151":706853.0,"152":683814.25},"Total(tons\/day)":{"0":13630.0,"1":12042.72,"2":13176.48,"3":12014.79,"4":11428.06,"5":12501.08,"6":12527.97,"7":11610.73,"8":12129.47,"9":1582.75,"10":1588.33,"11":1669.19,"12":1449.42,"13":1549.45,"14":1782.08,"15":1649.97,"16":1493.4,"17":1502.44,"18":3300.88,"19":3945.16,"20":3589.67,"21":3411.24,"22":3549.23,"23":3451.28,"24":3463.27,"25":3647.09,"26":3805.19,"27":828.93,"28":879.13,"29":843.68,"30":851.55,"31":857.33,"32":976.12,"33":901.01,"34":851.72,"35":936.88,"36":2570.05,"37":2650.08,"38":3098.25,"39":2426.29,"40":2521.53,"41":2475.98,"42":3065.7,"43":2660.0,"44":2571.94,"45":3421.75,"46":3238.94,"47":3110.06,"48":2974.15,"49":2919.1,"50":2924.78,"51":2791.44,"52":2946.42,"53":2917.67,"54":9696.65,"55":9954.72,"56":9740.16,"57":9510.12,"58":10244.84,"59":9972.04,"60":10758.51,"61":9947.07,"62":10955.71,"63":6409.09,"64":6589.0,"65":7187.71,"66":6380.35,"67":6620.27,"68":6772.48,"69":7411.54,"70":6967.21,"71":7049.09,"72":854.53,"73":868.89,"74":793.58,"75":811.69,"76":763.02,"77":805.56,"78":777.73,"79":758.33,"80":793.91,"81":6087.1,"82":6670.55,"83":6054.17,"84":5992.82,"85":5867.42,"86":5887.57,"87":6972.26,"88":6314.56,"89":5935.88,"90":1231.91,"91":1331.69,"92":1394.02,"93":1364.44,"94":1371.15,"95":1550.24,"96":1335.05,"97":1364.38,"98":1356.25,"99":3065.75,"100":3121.1,"101":3034.54,"102":2966.57,"103":3042.75,"104":3118.48,"105":3131.58,"106":3228.84,"107":3336.53,"108":2379.38,"109":2478.01,"110":2147.1,"111":2217.65,"112":2318.16,"113":2209.16,"114":2625.99,"115":2326.29,"116":2038.68,"117":368.56,"118":358.15,"119":367.45,"120":343.27,"121":356.07,"122":341.38,"123":378.32,"124":347.7,"125":355.61,"126":3141.32,"127":3010.66,"128":2850.95,"129":2319.67,"130":2546.41,"131":2704.72,"132":2592.21,"133":2873.31,"134":2948.09,"135":1473.82,"136":1466.49,"137":1485.71,"138":1372.42,"139":1456.19,"140":1438.02,"141":1692.35,"142":1581.89,"143":1425.29,"144":1817.05,"145":1999.87,"146":1900.04,"147":1986.33,"148":1760.5,"149":1854.5,"150":2486.31,"151":1863.19,"152":1770.81},"Per Capita(kg\/capita\/day)":{"0":0.59,"1":0.52,"2":0.57,"3":0.52,"4":0.5,"5":0.54,"6":0.54,"7":0.5,"8":0.53,"9":0.43,"10":0.44,"11":0.45,"12":0.4,"13":0.43,"14":0.5,"15":0.45,"16":0.41,"17":0.41,"18":0.57,"19":0.68,"20":0.62,"21":0.59,"22":0.61,"23":0.6,"24":0.6,"25":0.63,"26":0.65,"27":0.51,"28":0.54,"29":0.52,"30":0.53,"31":0.54,"32":0.6,"33":0.57,"34":0.54,"35":0.58,"36":0.46,"37":0.48,"38":0.54,"39":0.43,"40":0.43,"41":0.43,"42":0.53,"43":0.48,"44":0.46,"45":0.49,"46":0.46,"47":0.45,"48":0.45,"49":0.43,"50":0.43,"51":0.4,"52":0.44,"53":0.44,"54":0.47,"55":0.48,"56":0.47,"57":0.46,"58":0.49,"59":0.48,"60":0.52,"61":0.48,"62":0.53,"63":0.36,"64":0.37,"65":0.4,"66":0.36,"67":0.37,"68":0.38,"69":0.42,"70":0.39,"71":0.4,"72":0.49,"73":0.5,"74":0.45,"75":0.46,"76":0.43,"77":0.45,"78":0.44,"79":0.43,"80":0.45,"81":0.43,"82":0.49,"83":0.45,"84":0.44,"85":0.42,"86":0.42,"87":0.51,"88":0.45,"89":0.43,"90":0.41,"91":0.45,"92":0.47,"93":0.45,"94":0.46,"95":0.51,"96":0.44,"97":0.46,"98":0.45,"99":0.41,"100":0.41,"101":0.4,"102":0.39,"103":0.41,"104":0.42,"105":0.42,"106":0.42,"107":0.44,"108":0.78,"109":0.82,"110":0.7,"111":0.73,"112":0.76,"113":0.73,"114":0.85,"115":0.76,"116":0.67,"117":0.42,"118":0.41,"119":0.42,"120":0.39,"121":0.4,"122":0.39,"123":0.44,"124":0.4,"125":0.4,"126":0.52,"127":0.5,"128":0.47,"129":0.39,"130":0.42,"131":0.45,"132":0.43,"133":0.48,"134":0.49,"135":0.52,"136":0.5,"137":0.52,"138":0.49,"139":0.51,"140":0.49,"141":0.57,"142":0.53,"143":0.49,"144":0.45,"145":0.49,"146":0.47,"147":0.49,"148":0.44,"149":0.46,"150":0.62,"151":0.46,"152":0.44},"Processed_waste":{"0":1170877.1200000001,"1":1850026.0,"2":1160127.5,"3":1260860.0,"4":1117129.0,"5":1203126.0,"6":1181626.75,"7":1289123.0,"8":1310341.0,"9":152033.75,"10":166557.0,"11":152092.12,"12":172673.0,"13":152384.0,"14":172673.0,"15":152062.94,"16":151917.0,"17":152150.5,"18":211067.5,"19":197749.56,"20":193310.25,"21":376948.0,"22":387921.0,"23":175553.0,"24":246582.0,"25":376948.0,"26":202188.88,"27":220782.0,"28":219277.25,"29":217772.5,"30":214763.0,"31":202721.0,"32":218901.06,"33":202721.0,"34":215847.0,"35":218524.88,"36":365005.0,"37":371810.0,"38":295935.56,"39":289309.0,"40":294610.25,"41":299911.5,"42":297260.88,"43":427808.0,"44":310514.0,"45":388230.38,"46":387947.31,"47":387664.25,"48":365156.0,"49":386532.0,"50":391061.0,"51":388796.5,"52":390016.0,"53":365156.0,"54":2370707.0,"55":2328877.5,"56":2479691.0,"57":2370707.0,"58":2688321.0,"59":2178064.0,"60":2291174.1200000001,"61":2253470.75,"62":2272322.4399999999,"63":815180.5,"64":761148.0,"65":1103435.0,"66":869213.0,"67":788164.25,"68":999814.0,"69":794918.3100000001,"70":999814.0,"71":801672.38,"72":128394.88,"73":126595.56,"74":130.88,"75":146388.0,"76":131993.5,"77":130877.0,"78":134991.0,"79":117599.0,"80":124796.25,"81":1008016.5,"82":1239350.0,"83":1230549.0,"84":952574.0,"85":996928.0,"86":1019105.0,"87":1230549.0,"88":1013560.75,"89":1041282.0,"90":195653.0,"91":230475.0,"92":230475.0,"93":194711.5,"94":203157.0,"95":194240.75,"96":193770.0,"97":199419.0,"98":191887.0,"99":766131.0,"100":759286.0,"101":758295.0,"102":757304.0,"103":759172.0,"104":759172.0,"105":755322.0,"106":757799.5,"107":758047.25,"108":689448.0,"109":718540.0,"110":631693.0,"111":660642.0,"112":714437.0,"113":638930.25,"114":714437.0,"115":646167.5,"116":602744.0,"117":69895.06,"118":60564.0,"119":63587.0,"120":69711.0,"121":70005.5,"122":69858.25,"123":-60721.0,"124":70300.0,"125":69931.88,"126":603771.0,"127":585128.5,"128":704415.0,"129":566486.0,"130":653067.0,"131":1004233.88,"132":641056.0,"133":594449.75,"134":589789.12,"135":-347582.0,"136":138598.5,"137":157512.0,"138":86209.0,"139":139789.0,"140":132294.0,"141":140174.62,"142":141750.75,"143":144903.0,"144":205550.5,"145":234673.0,"146":234673.0,"147":243159.0,"148":189587.75,"149":173625.0,"150":193578.44,"151":237476.0,"152":197569.12},"Not Processed_waste":{"0":2794693.5600000001,"1":2464761.0,"2":2794088.25,"3":2760976.0,"4":2791667.0,"5":2796509.5,"6":2795298.8799999999,"7":2801352.0,"8":3004446.0,"9":376651.5,"10":391080.0,"11":379446.75,"12":399572.0,"13":393423.0,"14":399572.0,"15":378049.12,"16":371061.0,"17":382242.0,"18":1004448.0,"19":1012590.75,"20":1015305.0,"21":934446.0,"22":903784.0,"23":1026162.0,"24":982734.0,"25":934446.0,"26":1009876.5,"27":53338.0,"28":56169.25,"29":59000.5,"30":64663.0,"31":89704.0,"32":56877.06,"33":89704.0,"34":61644.0,"35":57584.88,"36":554664.0,"37":585469.0,"38":580524.0,"39":575924.0,"40":579604.0,"41":583284.0,"42":581444.0,"43":529471.0,"44":590644.0,"45":687920.25,"46":687885.88,"47":687851.5,"48":722450.0,"49":687714.0,"50":688264.0,"51":687989.0,"52":686901.0,"53":722450.0,"54":1071248.0,"55":1274320.0,"56":1082174.0,"57":1071248.0,"58":1021184.0,"59":1466466.0,"60":1322356.5,"61":1370393.0,"62":1346374.75,"63":1618118.0,"64":1622785.0,"65":1555806.0,"66":1613451.0,"67":1620451.5,"68":1582750.0,"69":1619868.1200000001,"70":1582750.0,"71":1619284.75,"72":141441.38,"73":141712.81,"74":144.25,"75":138727.0,"76":140898.5,"77":144249.0,"78":137439.0,"79":143070.0,"80":141984.25,"81":1161419.0,"82":1137355.0,"83":1200792.0,"84":1238984.0,"85":1176932.0,"86":1145906.0,"87":1200792.0,"88":1153662.5,"89":1114880.0,"90":286391.5,"91":273229.0,"92":273229.0,"93":287790.88,"94":296856.0,"95":288490.56,"96":289190.25,"97":280794.0,"98":291989.0,"99":367580.0,"100":343139.0,"101":350051.25,"102":356963.5,"103":385590.0,"104":385590.0,"105":370788.0,"106":353507.38,"107":351779.31,"108":179360.0,"109":147406.0,"110":138605.5,"111":141539.0,"112":181859.0,"113":139338.88,"114":181859.0,"115":140072.25,"116":135672.0,"117":63157.5,"118":77184.0,"119":74533.0,"120":61255.0,"121":64299.0,"122":62777.0,"123":74533.0,"124":67343.0,"125":63538.0,"126":308153.5,"127":299046.25,"128":300119.0,"129":289939.0,"130":246780.0,"131":300.12,"132":326368.0,"133":303599.88,"134":301323.06,"135":395781.0,"136":387617.5,"137":401407.0,"138":395781.0,"139":392326.0,"140":383021.0,"141":388766.62,"142":389915.75,"143":392214.0,"144":482871.5,"145":507399.0,"146":507399.0,"147":492496.0,"148":489618.75,"149":496366.0,"150":487931.94,"151":469377.0,"152":486245.12}}